По дням,Количество заказ-нарядов,Работ,Запчастей,Всего по заказ-наряду
2020-01-05,2.0,2650.0,0.0,2650.0
2020-01-06,3.0,4550.0,0.0,4550.0
2020-01-07,2.5,3115.0,0.0,3115.0
2020-01-08,2.0,1680.0,0.0,1680.0
2020-01-09,3.0,2160.0,0.0,2160.0
2020-01-10,2.0,1230.0,0.0,1230.0
2020-01-11,1.0,300.0,0.0,300.0
2020-01-12,2.0,1400.0,0.0,1400.0
2020-01-13,1.0,1300.0,0.0,1300.0
2020-01-14,2.0,1600.0,0.0,1600.0
2020-01-15,1.0,1550.0,0.0,1550.0
2020-01-16,2.0,525.0,0.0,525.0
2020-01-17,3.0,2800.0,0.0,2800.0
2020-01-18,1.0,200.0,0.0,200.0
2020-01-19,3.0,1407.5,0.0,1407.5
2020-01-20,5.0,2615.0,0.0,2615.0
2020-01-21,3.0,825.0,0.0,825.0
2020-01-22,3.0,6800.0,0.0,6800.0
2020-01-23,3.0,4075.0,0.0,4075.0
2020-01-24,2.0,3275.0,0.0,3275.0
2020-01-25,1.0,100.0,0.0,100.0
2020-01-26,1.0,1400.0,0.0,1400.0
2020-01-27,2.0,7550.0,0.0,7550.0
2020-01-28,1.0,275.0,0.0,275.0
2020-01-29,1.0,287.5,0.0,287.5
2020-01-30,1.0,300.0,0.0,300.0
2020-01-31,1.5,4550.0,0.0,4550.0
2020-02-01,2.0,8800.0,0.0,8800.0
2020-02-02,3.0,1600.0,0.0,1600.0
2020-02-03,2.0,2200.0,0.0,2200.0
2020-02-04,2.0,1250.0,0.0,1250.0
2020-02-05,2.0,3000.0,0.0,3000.0
2020-02-06,2.0,2070.0,0.0,2070.0
2020-02-07,2.0,2150.0,0.0,2150.0
2020-02-08,2.0,470.0,0.0,470.0
2020-02-09,1.0,700.0,0.0,700.0
2020-02-10,3.0,2700.0,0.0,2700.0
2020-02-11,1.0,950.0,0.0,950.0
2020-02-12,1.0,200.0,0.0,200.0
2020-02-13,2.0,3150.0,0.0,3150.0
2020-02-14,2.0,2750.0,0.0,2750.0
2020-02-15,3.0,2320.0,0.0,2320.0
2020-02-16,1.0,750.0,0.0,750.0
2020-02-17,2.0,1625.0,0.0,1625.0
2020-02-18,1.6666666666666667,1216.6666666666667,0.0,1216.6666666666667
2020-02-19,1.3333333333333335,808.3333333333334,0.0,808.3333333333334
2020-02-20,1.0,400.0,0.0,400.0
2020-02-21,1.0,700.0,0.0,700.0
2020-02-22,2.0,1950.0,0.0,1950.0
2020-02-23,2.0,1425.0,0.0,1425.0
2020-02-24,2.0,900.0,0.0,900.0
2020-02-25,2.0,1700.0,0.0,1700.0
2020-02-26,3.0,2650.0,0.0,2650.0
2020-02-27,1.0,150.0,0.0,150.0
2020-02-28,4.0,2640.0,0.0,2640.0
2020-02-29,1.0,1450.0,0.0,1450.0
2020-03-01,2.0,1800.0,0.0,1800.0
2020-03-02,2.0,1875.0,0.0,1875.0
2020-03-03,2.0,450.0,0.0,450.0
2020-03-04,2.0,2700.0,0.0,2700.0
2020-03-05,3.0,890.0,0.0,890.0
2020-03-06,4.0,3350.0,0.0,3350.0
2020-03-07,3.0,2300.0,0.0,2300.0
2020-03-08,2.3333333333333335,1966.6666666666667,0.0,1966.6666666666667
2020-03-09,1.6666666666666667,1633.3333333333335,0.0,1633.3333333333335
2020-03-10,1.0,1300.0,0.0,1300.0
2020-03-11,4.0,2550.0,0.0,2550.0
2020-03-12,1.0,10.0,0.0,10.0
2020-03-13,3.0,1650.0,0.0,1650.0
2020-03-14,1.0,1350.0,0.0,1350.0
2020-03-15,4.0,4535.0,0.0,4535.0
2020-03-16,7.0,7720.0,0.0,7720.0
2020-03-17,2.0,3590.0,0.0,3590.0
2020-03-18,2.0,1050.0,0.0,1050.0
2020-03-19,3.0,1100.0,0.0,1100.0
2020-03-20,3.0,2250.0,0.0,2250.0
2020-03-21,3.0,2650.0,0.0,2650.0
2020-03-22,2.0,650.0,0.0,650.0
2020-03-23,1.0,250.0,0.0,250.0
2020-03-24,2.0,400.0,0.0,400.0
2020-03-25,1.0,1300.0,0.0,1300.0
2020-03-26,4.0,5500.0,0.0,5500.0
2020-03-27,3.0,2650.0,0.0,2650.0
2020-03-28,2.0,2700.0,0.0,2700.0
2020-03-29,4.0,4602.222222222223,0.0,4602.222222222223
2020-03-30,6.0,6504.444444444444,0.0,6504.444444444444
2020-03-31,8.0,8406.666666666666,0.0,8406.666666666666
2020-04-01,10.0,10308.888888888889,0.0,10308.888888888889
2020-04-02,12.0,12211.111111111111,0.0,12211.111111111111
2020-04-03,14.0,14113.333333333332,0.0,14113.333333333332
2020-04-04,16.0,16015.555555555555,0.0,16015.555555555555
2020-04-05,18.0,17917.777777777777,0.0,17917.777777777777
2020-04-06,20.0,19820.0,0.0,19820.0
2020-04-07,4.0,2500.0,0.0,2500.0
2020-04-08,4.0,3400.0,0.0,3400.0
2020-04-09,8.0,14950.0,0.0,14950.0
2020-04-10,5.0,2500.0,0.0,2500.0
2020-04-11,4.0,2200.0,0.0,2200.0
2020-04-12,5.0,4750.0,0.0,4750.0
2020-04-13,2.0,1750.0,0.0,1750.0
2020-04-14,6.0,8150.0,0.0,8150.0
2020-04-15,5.0,2750.0,0.0,2750.0
2020-04-16,3.5,2925.0,0.0,2925.0
2020-04-17,2.0,3100.0,0.0,3100.0
2020-04-18,2.0,2150.0,0.0,2150.0
2020-04-19,1.0,100.0,0.0,100.0
2020-04-20,7.0,5850.0,0.0,5850.0
2020-04-21,5.5,4425.0,0.0,4425.0
2020-04-22,4.0,3000.0,0.0,3000.0
2020-04-23,1.0,400.0,0.0,400.0
2020-04-24,1.0,150.0,0.0,150.0
2020-04-25,1.0,1150.0,0.0,1150.0
2020-04-26,2.5,1495.0,0.0,1495.0
2020-04-27,4.0,1840.0,0.0,1840.0
2020-04-28,3.0,4150.0,0.0,4150.0
2020-04-29,1.0,3100.0,0.0,3100.0
2020-04-30,4.0,5100.0,0.0,5100.0
2020-05-01,2.0,3500.0,0.0,3500.0
2020-05-02,2.0,1250.0,0.0,1250.0
2020-05-03,3.0,2850.0,0.0,2850.0
2020-05-04,1.0,1150.0,0.0,1150.0
2020-05-05,6.0,15400.0,0.0,15400.0
2020-05-06,9.0,7300.0,0.0,7300.0
2020-05-07,2.0,3300.0,0.0,3300.0
2020-05-08,4.0,4150.0,0.0,4150.0
2020-05-09,2.0,3850.0,0.0,3850.0
2020-05-10,2.0,2733.333333333333,0.0,2733.333333333333
2020-05-11,2.0,1616.6666666666665,0.0,1616.6666666666665
2020-05-12,2.0,500.0,0.0,500.0
2020-05-13,4.0,3400.0,0.0,3400.0
2020-05-14,2.0,2600.0,0.0,2600.0
2020-05-15,2.0,1775.0,0.0,1775.0
2020-05-16,3.0,2850.0,0.0,2850.0
2020-05-17,4.0,2270.0,0.0,2270.0
2020-05-18,5.0,5600.0,0.0,5600.0
2020-05-19,3.0,3250.0,0.0,3250.0
2020-05-20,4.0,5700.0,0.0,5700.0
2020-05-21,1.0,900.0,0.0,900.0
2020-05-22,2.0,1550.0,0.0,1550.0
2020-05-23,3.0,1700.0,0.0,1700.0
2020-05-24,4.0,2350.0,0.0,2350.0
2020-05-25,6.0,5150.0,0.0,5150.0
2020-05-26,5.5,9025.0,0.0,9025.0
2020-05-27,5.0,12900.0,0.0,12900.0
2020-05-28,3.0,1350.0,0.0,1350.0
2020-05-29,4.0,3150.0,0.0,3150.0
2020-05-30,1.0,1250.0,0.0,1250.0
2020-05-31,2.5,2050.0,0.0,2050.0
2020-06-01,4.0,2850.0,0.0,2850.0
2020-06-02,2.0,3550.0,0.0,3550.0
2020-06-03,1.0,100.0,0.0,100.0
2020-06-04,8.0,13500.0,0.0,13500.0
2020-06-05,5.0,12400.0,0.0,12400.0
2020-06-06,2.0,2000.0,0.0,2000.0
2020-06-07,2.0,3700.0,0.0,3700.0
2020-06-08,2.0,750.0,0.0,750.0
2020-06-09,2.0,1950.0,0.0,1950.0
2020-06-10,1.0,1000.0,0.0,1000.0
2020-06-11,3.0,2220.0,0.0,2220.0
2020-06-12,1.0,50.0,0.0,50.0
2020-06-13,4.0,7550.0,0.0,7550.0
2020-06-14,1.0,1800.0,0.0,1800.0
2020-06-15,2.0,2800.0,0.0,2800.0
2020-06-16,2.0,5600.0,0.0,5600.0
2020-06-17,3.0,6250.0,0.0,6250.0
2020-06-18,5.0,10850.0,0.0,10850.0
2020-06-19,3.0,6600.0,0.0,6600.0
2020-06-20,4.0,1600.0,0.0,1600.0
2020-06-21,5.0,8900.0,0.0,8900.0
2020-06-22,1.0,100.0,0.0,100.0
2020-06-23,4.0,7150.0,0.0,7150.0
2020-06-24,4.0,6250.0,0.0,6250.0
2020-06-25,2.0,1750.0,0.0,1750.0
2020-06-26,3.0,2750.0,0.0,2750.0
2020-06-27,1.0,1250.0,0.0,1250.0
2020-06-28,4.0,9950.0,0.0,9950.0
2020-06-29,3.0,4550.0,0.0,4550.0
2020-06-30,5.0,7150.0,0.0,7150.0
2020-07-01,5.0,6350.0,0.0,6350.0
2020-07-02,4.0,5950.0,0.0,5950.0
2020-07-03,2.0,3390.0,0.0,3390.0
2020-07-04,3.0,5100.0,0.0,5100.0
2020-07-05,1.0,500.0,0.0,500.0
2020-07-06,2.0,5050.0,0.0,5050.0
2020-07-07,1.0,200.0,0.0,200.0
2020-07-08,1.0,200.0,0.0,200.0
2020-07-09,2.0,3300.0,0.0,3300.0
2020-07-10,2.0,10400.0,0.0,10400.0
2020-07-11,3.0,3450.0,0.0,3450.0
2020-07-12,2.0,10950.0,0.0,10950.0
2020-07-13,3.0,2350.0,0.0,2350.0
2020-07-14,1.0,8000.0,0.0,8000.0
2020-07-15,5.0,3500.0,0.0,3500.0
2020-07-16,4.0,3950.0,0.0,3950.0
2020-07-17,2.0,650.0,0.0,650.0
2020-07-18,5.0,12020.0,0.0,12020.0
2020-07-19,5.5,9435.0,0.0,9435.0
2020-07-20,6.0,6850.0,0.0,6850.0
2020-07-21,3.0,2600.0,0.0,2600.0
2020-07-22,5.0,5600.0,0.0,5600.0
2020-07-23,2.0,2450.0,0.0,2450.0
2020-07-24,8.0,6675.0,0.0,6675.0
2020-07-25,1.0,1000.0,0.0,1000.0
2020-07-26,2.0,1650.0,0.0,1650.0
2020-07-27,3.0,2300.0,0.0,2300.0
2020-07-28,2.0,400.0,0.0,400.0
2020-07-29,5.0,3575.0,0.0,3575.0
2020-07-30,5.0,3950.0,0.0,3950.0
2020-07-31,2.0,1250.0,0.0,1250.0
2020-08-01,5.0,3175.0,0.0,3175.0
2020-08-02,6.0,4247.5,0.0,4247.5
2020-08-03,7.0,5320.0,0.0,5320.0
2020-08-04,1.0,800.0,0.0,800.0
2020-08-05,3.0,5050.0,0.0,5050.0
2020-08-06,3.0,2700.0,0.0,2700.0
2020-08-07,3.0,1750.0,0.0,1750.0
2020-08-08,5.0,4650.0,0.0,4650.0
2020-08-09,5.0,8150.0,0.0,8150.0
2020-08-10,5.0,11650.0,0.0,11650.0
2020-08-11,4.0,8025.0,0.0,8025.0
2020-08-12,3.0,4400.0,0.0,4400.0
2020-08-13,1.0,3850.0,0.0,3850.0
2020-08-14,5.0,2100.0,0.0,2100.0
2020-08-15,3.666666666666667,1583.3333333333335,0.0,1583.3333333333335
2020-08-16,2.3333333333333335,1066.6666666666667,0.0,1066.6666666666667
2020-08-17,1.0,550.0,0.0,550.0
2020-08-18,3.0,4375.0,0.0,4375.0
2020-08-19,2.0,2250.0,0.0,2250.0
2020-08-20,2.0,3200.0,0.0,3200.0
2020-08-21,4.0,4250.0,0.0,4250.0
2020-08-22,4.0,4500.0,0.0,4500.0
2020-08-23,4.5,3920.0,0.0,3920.0
2020-08-24,5.0,3340.0,0.0,3340.0
2020-08-25,5.0,7350.0,0.0,7350.0
2020-08-26,1.0,700.0,0.0,700.0
2020-08-27,4.0,3400.0,0.0,3400.0
2020-08-28,3.0,5050.0,0.0,5050.0
2020-08-29,2.0,3300.0,0.0,3300.0
2020-08-30,5.0,8805.0,0.0,8805.0
2020-08-31,8.0,14310.0,0.0,14310.0
2020-09-01,4.0,5300.0,0.0,5300.0
2020-09-02,3.0,3600.0,0.0,3600.0
2020-09-03,1.0,1000.0,0.0,1000.0
2020-09-04,5.0,2630.0,0.0,2630.0
2020-09-05,2.0,700.0,0.0,700.0
2020-09-06,4.5,4040.0,0.0,4040.0
2020-09-07,7.0,7380.0,0.0,7380.0
2020-09-08,1.0,60.0,0.0,60.0
2020-09-09,4.0,2600.0,0.0,2600.0
2020-09-10,2.0,2670.0,0.0,2670.0
2020-09-11,2.0,2600.0,0.0,2600.0
2020-09-12,3.0,4350.0,0.0,4350.0
2020-09-13,3.0,3425.0,0.0,3425.0
2020-09-14,3.0,2500.0,0.0,2500.0
2020-09-15,4.0,3250.0,0.0,3250.0
2020-09-16,2.5,1825.0,0.0,1825.0
2020-09-17,1.0,400.0,0.0,400.0
2020-09-18,3.0,700.0,0.0,700.0
2020-09-19,3.6666666666666665,4933.333333333333,0.0,4933.333333333333
2020-09-20,4.333333333333333,9166.666666666666,0.0,9166.666666666666
2020-09-21,5.0,13400.0,0.0,13400.0
2020-09-22,1.0,750.0,0.0,750.0
2020-09-23,1.0,250.0,0.0,250.0
2020-09-24,5.0,10600.0,0.0,10600.0
2020-09-25,9.0,20950.0,0.0,20950.0
2020-09-26,1.0,200.0,0.0,200.0
2020-09-27,5.5,5580.0,0.0,5580.0
2020-09-28,10.0,10960.0,0.0,10960.0
2020-09-29,1.0,450.0,0.0,450.0
2020-09-30,3.0,3950.0,0.0,3950.0
2020-10-01,3.0,3500.0,0.0,3500.0
2020-10-02,4.0,3010.0,0.0,3010.0
2020-10-03,3.6666666666666665,3106.6666666666665,0.0,3106.6666666666665
2020-10-04,3.3333333333333335,3203.3333333333335,0.0,3203.3333333333335
2020-10-05,3.0,3300.0,0.0,3300.0
2020-10-06,2.0,1600.0,0.0,1600.0
2020-10-07,2.0,850.0,0.0,850.0
2020-10-08,6.0,4180.0,0.0,4180.0
2020-10-09,4.0,3890.0,0.0,3890.0
2020-10-10,4.666666666666667,5143.333333333333,0.0,5143.333333333333
2020-10-11,5.333333333333333,6396.666666666666,0.0,6396.666666666666
2020-10-12,6.0,7650.0,0.0,7650.0
2020-10-13,5.0,8500.0,0.0,8500.0
2020-10-14,7.0,9200.0,0.0,9200.0
2020-10-15,9.0,9900.0,0.0,9900.0
2020-10-16,4.0,6200.0,0.0,6200.0
2020-10-17,7.0,7213.333333333333,0.0,7213.333333333333
2020-10-18,10.0,8226.666666666666,0.0,8226.666666666666
2020-10-19,13.0,9240.0,0.0,9240.0
2020-10-20,5.0,3100.0,0.0,3100.0
2020-10-21,10.0,5940.0,0.0,5940.0
2020-10-22,11.0,6265.0,0.0,6265.0
2020-10-23,5.0,1460.0,0.0,1460.0
2020-10-24,9.666666666666668,6652.666666666667,0.0,6652.666666666667
2020-10-25,14.333333333333334,11845.333333333334,0.0,11845.333333333334
2020-10-26,19.0,17038.0,0.0,17038.0
2020-10-27,1.0,500.0,0.0,500.0
2020-10-28,14.0,7120.0,0.0,7120.0
2020-10-29,5.0,710.0,0.0,710.0
2020-10-30,4.0,6410.0,0.0,6410.0
2020-10-31,5.0,4731.666666666667,0.0,4731.666666666667
2020-11-01,6.0,3053.3333333333335,0.0,3053.3333333333335
2020-11-02,7.0,1375.0,0.0,1375.0
2020-11-03,5.0,4530.0,0.0,4530.0
2020-11-04,3.0,8650.0,0.0,8650.0
2020-11-05,7.0,5480.0,0.0,5480.0
2020-11-06,3.0,4090.0,0.0,4090.0
2020-11-07,4.666666666666667,7063.333333333334,0.0,7063.333333333334
2020-11-08,6.333333333333334,10036.666666666668,0.0,10036.666666666668
2020-11-09,8.0,13010.0,0.0,13010.0
2020-11-10,10.0,8370.0,0.0,8370.0
2020-11-11,9.0,12310.0,0.0,12310.0
2020-11-12,6.0,2760.0,0.0,2760.0
2020-11-13,2.0,1550.0,0.0,1550.0
2020-11-14,1.0,50.0,0.0,50.0
2020-11-15,3.0,3000.01,0.0,3000.01
2020-11-16,5.0,5950.02,0.0,5950.02
2020-11-17,4.0,5000.0,0.0,5000.0
2020-11-18,3.0,3555.0,0.0,3555.0
2020-11-19,2.0,2110.0,0.0,2110.0
2020-11-20,3.0,2155.0,0.0,2155.0
2020-11-21,4.0,2200.0,0.0,2200.0
2020-11-22,4.5,4350.0,0.0,4350.0
2020-11-23,5.0,6500.0,0.0,6500.0
2020-11-24,4.0,6075.0,0.0,6075.0
2020-11-25,3.0,5650.0,0.0,5650.0
2020-11-26,3.0,3010.0,0.0,3010.0
2020-11-27,5.0,6030.0,0.0,6030.0
2020-11-28,7.0,9050.0,0.0,9050.0
2020-11-29,7.0,8280.0,0.0,8280.0
2020-11-30,7.0,7510.0,0.0,7510.0
2020-12-01,3.0,4200.0,0.0,4200.0
2020-12-02,1.0,650.0,0.0,650.0
2020-12-03,2.0,2525.0,0.0,2525.0
2020-12-04,3.0,4400.0,0.0,4400.0
2020-12-05,1.0,10.0,0.0,10.0
2020-12-06,3.0,2305.0,0.0,2305.0
2020-12-07,5.0,4600.0,0.0,4600.0
2020-12-08,2.0,1500.0,0.0,1500.0
2020-12-09,2.0,1540.0,0.0,1540.0
2020-12-10,1.0,1200.0,0.0,1200.0
2020-12-11,2.0,1550.0,0.0,1550.0
2020-12-12,2.6666666666666665,2253.3333333333335,0.0,2253.3333333333335
2020-12-13,3.333333333333333,2956.666666666667,0.0,2956.666666666667
2020-12-14,4.0,3660.0,0.0,3660.0
2020-12-15,3.0,3800.0,0.0,3800.0
2020-12-16,3.0,3150.0,0.0,3150.0
2020-12-17,5.0,7600.0,0.0,7600.0
2020-12-18,3.0,300.0,0.0,300.0
2020-12-19,4.0,2100.0,0.0,2100.0
2020-12-20,3.0,1483.3333333333335,0.0,1483.3333333333335
2020-12-21,2.0,866.6666666666667,0.0,866.6666666666667
2020-12-22,1.0,250.0,0.0,250.0
2020-12-23,3.0,2575.0,0.0,2575.0
2020-12-24,5.0,4900.0,0.0,4900.0
2020-12-25,1.0,1000.0,0.0,1000.0
2020-12-26,2.666666666666667,1511.6666666666667,0.0,1511.6666666666667
2020-12-27,4.333333333333334,2023.3333333333335,0.0,2023.3333333333335
2020-12-28,6.0,2535.0,0.0,2535.0
2020-12-29,2.0,1260.0,0.0,1260.0
2020-12-30,2.0,1050.0,0.0,1050.0
2020-12-31,1.0,200.0,0.0,200.0
2021-01-01,1.6,339.0,0.0,339.0
2021-01-02,2.2,478.0,0.0,478.0
2021-01-03,2.8,617.0,0.0,617.0
2021-01-04,3.4,756.0,0.0,756.0
2021-01-05,4.0,895.0,0.0,895.0
2021-01-06,3.0,4150.0,0.0,4150.0
2021-01-07,3.0,3950.0,0.0,3950.0
2021-01-08,3.0,3750.0,0.0,3750.0
2021-01-09,3.0,3566.6666666666665,0.0,3566.6666666666665
2021-01-10,3.0,3383.3333333333335,0.0,3383.3333333333335
2021-01-11,3.0,3200.0,0.0,3200.0
2021-01-12,2.0,2200.0,0.0,2200.0
2021-01-13,1.0,40.0,0.0,40.0
2021-01-14,3.0,5000.0,0.0,5000.0
2021-01-15,1.0,50.0,0.0,50.0
2021-01-16,5.0,13100.0,0.0,13100.0
2021-01-17,3.5,6930.0,0.0,6930.0
2021-01-18,2.0,760.0,0.0,760.0
2021-01-19,1.5,405.0,0.0,405.0
2021-01-20,1.0,50.0,0.0,50.0
2021-01-21,2.0,660.0,0.0,660.0
2021-01-22,3.0,1270.0,0.0,1270.0
2021-01-23,2.3333333333333335,1146.6666666666667,0.0,1146.6666666666667
2021-01-24,1.6666666666666667,1023.3333333333334,0.0,1023.3333333333334
2021-01-25,1.0,900.0,0.0,900.0
2021-01-26,2.0,1600.0,0.0,1600.0
2021-01-27,2.0,1416.6666666666667,0.0,1416.6666666666667
2021-01-28,2.0,1233.3333333333333,0.0,1233.3333333333333
2021-01-29,2.0,1050.0,0.0,1050.0
2021-01-30,2.0,1350.0,0.0,1350.0
2021-01-31,2.5,1675.0,0.0,1675.0
2021-02-01,3.0,2000.0,0.0,2000.0
2021-02-02,3.0,460.0,0.0,460.0
2021-02-03,2.0,1465.0,0.0,1465.0
2021-02-04,2.0,1300.0,0.0,1300.0
2021-02-05,3.0,4400.0,0.0,4400.0
2021-02-06,2.0,2500.0,0.0,2500.0
2021-02-07,2.0,1750.0,0.0,1750.0
2021-02-08,2.0,1000.0,0.0,1000.0
2021-02-09,2.0,250.0,0.0,250.0
2021-02-10,1.0,250.0,0.0,250.0
2021-02-11,1.0,3450.0,0.0,3450.0
2021-02-12,1.0,950.0,0.0,950.0
2021-02-13,1.0,1550.0,0.0,1550.0
2021-02-14,2.0,2950.0,0.0,2950.0
2021-02-15,1.0,1150.0,0.0,1150.0
2021-02-16,1.0,1600.0,0.0,1600.0
2021-02-17,1.0,975.0,0.0,975.0
2021-02-18,1.0,350.0,0.0,350.0
2021-02-19,2.0,275.0,0.0,275.0
2021-02-20,3.0,200.0,0.0,200.0
2021-02-21,1.0,50.0,0.0,50.0
2021-02-22,1.0,950.0,0.0,950.0
2021-02-23,1.5,1275.0,0.0,1275.0
2021-02-24,2.0,1600.0,0.0,1600.0
2021-02-25,3.0,3850.0,0.0,3850.0
2021-02-26,5.0,1545.0,0.0,1545.0
2021-02-27,3.0,810.0,0.0,810.0
2021-02-28,3.0,1725.0,0.0,1725.0
2021-03-01,3.0,2640.0,0.0,2640.0
2021-03-02,1.0,750.0,0.0,750.0
2021-03-03,2.0,775.0,0.0,775.0
2021-03-04,2.0,1800.0,0.0,1800.0
2021-03-05,4.0,650.0,0.0,650.0
2021-03-06,1.0,1900.0,0.0,1900.0
2021-03-07,2.0,2066.6666666666665,0.0,2066.6666666666665
2021-03-08,3.0,2233.3333333333335,0.0,2233.3333333333335
2021-03-09,4.0,2400.0,0.0,2400.0
2021-03-10,1.0,10.0,0.0,10.0
2021-03-11,1.5,1480.0,0.0,1480.0
2021-03-12,2.0,2950.0,0.0,2950.0
2021-03-13,4.0,2440.0,0.0,2440.0
2021-03-14,4.0,1950.0,0.0,1950.0
2021-03-15,4.0,5000.0,0.0,5000.0
2021-03-16,8.0,4765.0,0.0,4765.0
2021-03-17,5.0,2600.0,0.0,2600.0
2021-03-18,4.0,5650.0,0.0,5650.0
2021-03-19,3.0,2570.0,0.0,2570.0
2021-03-20,4.0,910.0,0.0,910.0
2021-03-21,3.0,4500.0,0.0,4500.0
2021-03-22,4.0,5560.0,0.0,5560.0
2021-03-23,1.0,300.0,0.0,300.0
2021-03-24,6.0,4925.0,0.0,4925.0
2021-03-25,5.0,2200.0,0.0,2200.0
2021-03-26,1.0,1450.0,0.0,1450.0
2021-03-27,2.0,2450.0,0.0,2450.0
2021-03-28,3.0,450.0,0.0,450.0
2021-03-29,1.0,250.0,0.0,250.0
2021-03-30,2.0,2075.0,0.0,2075.0
2021-03-31,3.0,1500.0,0.0,1500.0
2021-04-01,3.0,500.0,0.0,500.0
2021-04-02,3.0,1875.0,0.0,1875.0
2021-04-03,1.0,2000.0,0.0,2000.0
2021-04-04,2.0,4510.0,0.0,4510.0
2021-04-05,1.0,650.0,0.0,650.0
2021-04-06,3.0,900.0,0.0,900.0
2021-04-07,2.0,6650.0,0.0,6650.0
2021-04-08,9.0,6090.0,0.0,6090.0
2021-04-09,4.0,1885.0,0.0,1885.0
2021-04-10,3.0,1675.0,0.0,1675.0
2021-04-11,4.0,3180.0,0.0,3180.0
2021-04-12,6.0,4580.0,0.0,4580.0
2021-04-13,12.0,10595.0,0.0,10595.0
2021-04-14,13.0,15050.0,0.0,15050.0
2021-04-15,11.0,10735.0,0.0,10735.0
2021-04-16,10.0,5980.0,0.0,5980.0
2021-04-17,4.0,625.0,0.0,625.0
2021-04-18,4.0,3080.0,0.0,3080.0
2021-04-19,8.0,5085.0,0.0,5085.0
2021-04-20,9.0,10370.0,0.0,10370.0
2021-04-21,3.0,1220.0,0.0,1220.0
2021-04-22,7.0,3860.0,0.0,3860.0
2021-04-23,6.0,5600.0,0.0,5600.0
2021-04-24,5.0,3170.0,0.0,3170.0
2021-04-25,3.0,2000.0,0.0,2000.0
2021-04-26,1.0,20.0,0.0,20.0
2021-04-27,8.0,3620.0,0.0,3620.0
2021-04-28,7.0,18000.0,0.0,18000.0
2021-04-29,4.0,1775.0,0.0,1775.0
2021-04-30,6.0,2650.0,0.0,2650.0
2021-05-01,6.0,6420.0,0.0,6420.0
2021-05-02,6.0,8650.0,0.0,8650.0
2021-05-03,1.0,800.0,0.0,800.0
2021-05-04,1.0,225.0,0.0,225.0
2021-05-05,2.0,1912.5,0.0,1912.5
2021-05-06,3.0,3600.0,0.0,3600.0
2021-05-07,3.5,3575.0,0.0,3575.0
2021-05-08,4.0,3550.0,0.0,3550.0
2021-05-09,1.0,1100.0,0.0,1100.0
2021-05-10,1.0,700.0,0.0,700.0
2021-05-11,2.0,1075.0,0.0,1075.0
2021-05-12,3.0,1900.0,0.0,1900.0
2021-05-13,3.0,1310.0,0.0,1310.0
2021-05-14,2.0,4520.0,0.0,4520.0
2021-05-15,7.0,4750.0,0.0,4750.0
2021-05-16,2.0,1800.0,0.0,1800.0
2021-05-17,5.0,2160.0,0.0,2160.0
2021-05-18,2.0,3025.0,0.0,3025.0
2021-05-19,2.0,625.0,0.0,625.0
2021-05-20,2.0,500.0,0.0,500.0
2021-05-21,8.0,6600.0,0.0,6600.0
2021-05-22,5.0,3400.0,0.0,3400.0
2021-05-23,1.0,1000.0,0.0,1000.0
2021-05-24,3.0,2150.0,0.0,2150.0
2021-05-25,8.0,6595.0,0.0,6595.0
2021-05-26,6.0,1620.0,0.0,1620.0
2021-05-27,3.0,2750.0,0.0,2750.0
2021-05-28,2.0,1100.0,0.0,1100.0
2021-05-29,4.0,5370.0,0.0,5370.0
2021-05-30,3.0,1950.0,0.0,1950.0
2021-05-31,3.0,1975.0,0.0,1975.0
2021-06-01,4.0,1430.0,0.0,1430.0
2021-06-02,7.0,12320.0,0.0,12320.0
2021-06-03,3.0,6150.0,0.0,6150.0
2021-06-04,1.0,750.0,0.0,750.0
2021-06-05,2.0,2375.0,0.0,2375.0
2021-06-06,2.0,1480.0,0.0,1480.0
2021-06-07,4.0,3700.0,0.0,3700.0
2021-06-08,6.0,2975.0,0.0,2975.0
2021-06-09,5.0,4600.0,0.0,4600.0
2021-06-10,4.0,3700.0,0.0,3700.0
2021-06-11,8.0,13170.0,0.0,13170.0
2021-06-12,6.0,9120.0,0.0,9120.0
2021-06-13,2.0,1500.0,0.0,1500.0
2021-06-14,6.0,11075.0,0.0,11075.0
2021-06-15,6.0,9100.0,0.0,9100.0
2021-06-16,4.0,5950.0,0.0,5950.0
2021-06-17,4.0,5550.0,0.0,5550.0
2021-06-18,4.0,3750.0,0.0,3750.0
2021-06-19,3.0,5450.0,0.0,5450.0
2021-06-20,4.0,7500.0,0.0,7500.0
2021-06-21,8.0,8325.0,0.0,8325.0
2021-06-22,4.0,4875.0,0.0,4875.0
2021-06-23,4.0,2750.0,0.0,2750.0
2021-06-24,3.0,1825.0,0.0,1825.0
2021-06-25,5.5,4562.5,0.0,4562.5
2021-06-26,8.0,7300.0,0.0,7300.0
2021-06-27,7.0,5140.0,0.0,5140.0
2021-06-28,6.0,2980.0,0.0,2980.0
2021-06-29,10.0,4675.0,0.0,4675.0
2021-06-30,6.0,4250.0,0.0,4250.0
2021-07-01,8.0,6520.0,0.0,6520.0
2021-07-02,3.0,2900.0,0.0,2900.0
2021-07-03,6.0,2850.0,0.0,2850.0
2021-07-04,3.0,5000.0,0.0,5000.0
2021-07-05,2.0,3110.0,0.0,3110.0
2021-07-06,2.0,925.0,0.0,925.0
2021-07-07,6.0,5050.0,0.0,5050.0
2021-07-08,4.0,3190.0,0.0,3190.0
2021-07-09,2.5,1645.0,0.0,1645.0
2021-07-10,1.0,100.0,0.0,100.0
2021-07-11,1.0,950.0,0.0,950.0
2021-07-12,6.0,7480.0,0.0,7480.0
2021-07-13,4.0,6650.0,0.0,6650.0
2021-07-14,2.0,600.0,0.0,600.0
2021-07-15,3.0,430.0,0.0,430.0
2021-07-16,4.0,2000.0,0.0,2000.0
2021-07-17,2.5,1275.0,0.0,1275.0
2021-07-18,1.0,550.0,0.0,550.0
2021-07-19,3.0,1910.0,0.0,1910.0
2021-07-20,5.0,4750.0,0.0,4750.0
2021-07-21,4.0,3800.0,0.0,3800.0
2021-07-22,2.0,3300.0,0.0,3300.0
2021-07-23,1.0,1500.0,0.0,1500.0
2021-07-24,3.0,1400.0,0.0,1400.0
2021-07-25,3.0,6510.0,0.0,6510.0
2021-07-26,3.0,1775.0,0.0,1775.0
2021-07-27,2.0,250.0,0.0,250.0
2021-07-28,7.0,9450.0,0.0,9450.0
2021-07-29,3.0,1140.0,0.0,1140.0
2021-07-30,4.0,2560.0,0.0,2560.0
2021-07-31,3.0,450.0,0.0,450.0
2021-08-01,4.0,1750.0,0.0,1750.0
2021-08-02,2.0,275.0,0.0,275.0
2021-08-03,5.0,3550.0,0.0,3550.0
2021-08-04,6.0,2450.0,0.0,2450.0
2021-08-05,2.0,6000.0,0.0,6000.0
2021-08-06,3.0,360.0,0.0,360.0
2021-08-07,5.0,4370.0,0.0,4370.0
2021-08-08,4.0,1540.0,0.0,1540.0
2021-08-09,3.0,1850.0,0.0,1850.0
2021-08-10,8.0,8520.0,0.0,8520.0
2021-08-11,6.0,8850.0,0.0,8850.0
2021-08-12,2.0,2400.0,0.0,2400.0
2021-08-13,2.0,2650.0,0.0,2650.0
2021-08-14,6.0,13120.0,0.0,13120.0
2021-08-15,2.0,1220.0,0.0,1220.0
2021-08-16,4.0,2770.0,0.0,2770.0
2021-08-17,3.0,2310.0,0.0,2310.0
2021-08-18,2.0,1550.0,0.0,1550.0
2021-08-19,6.0,2660.0,0.0,2660.0
2021-08-20,7.0,11130.0,0.0,11130.0
2021-08-21,5.0,8850.0,0.0,8850.0
2021-08-22,3.0,3300.0,0.0,3300.0
2021-08-23,3.0,4295.0,0.0,4295.0
2021-08-24,6.0,10150.0,0.0,10150.0
2021-08-25,12.0,12180.0,0.0,12180.0
2021-08-26,5.0,2270.0,0.0,2270.0
2021-08-27,3.0,2350.0,0.0,2350.0
2021-08-28,5.0,2575.0,0.0,2575.0
2021-08-29,2.0,60.0,0.0,60.0
2021-08-30,3.5,6230.0,0.0,6230.0
2021-08-31,5.0,12400.0,0.0,12400.0
2021-09-01,8.0,8640.0,0.0,8640.0
2021-09-02,6.0,2800.0,0.0,2800.0
2021-09-03,4.0,5110.0,0.0,5110.0
2021-09-04,4.0,2775.0,0.0,2775.0
2021-09-05,2.0,655.0,0.0,655.0
2021-09-06,7.0,8585.0,0.0,8585.0
2021-09-07,4.0,2950.0,0.0,2950.0
2021-09-08,3.0,11050.0,0.0,11050.0
2021-09-09,3.0,900.0,0.0,900.0
2021-09-10,5.0,2800.0,0.0,2800.0
2021-09-11,5.0,4950.0,0.0,4950.0
2021-09-12,6.5,5400.0,0.0,5400.0
2021-09-13,8.0,5850.0,0.0,5850.0
2021-09-14,5.0,9400.0,0.0,9400.0
2021-09-15,6.0,4050.0,0.0,4050.0
2021-09-16,3.0,2500.0,0.0,2500.0
2021-09-17,3.0,5525.0,0.0,5525.0
2021-09-18,3.0,3112.5,0.0,3112.5
2021-09-19,3.0,700.0,0.0,700.0
2021-09-20,6.0,1480.0,0.0,1480.0
2021-09-21,3.0,1900.0,0.0,1900.0
2021-09-22,1.0,350.0,0.0,350.0
2021-09-23,7.0,13300.0,0.0,13300.0
2021-09-24,6.0,7375.0,0.0,7375.0
2021-09-25,2.0,2950.0,0.0,2950.0
2021-09-26,1.0,150.0,0.0,150.0
2021-09-27,4.0,1960.0,0.0,1960.0
2021-09-28,5.0,6760.0,0.0,6760.0
2021-09-29,6.0,3400.0,0.0,3400.0
2021-09-30,3.0,2850.0,0.0,2850.0
2021-10-01,2.0,2050.0,0.0,2050.0
2021-10-02,3.666666666666667,3256.666666666667,0.0,3256.666666666667
2021-10-03,5.333333333333334,4463.333333333334,0.0,4463.333333333334
2021-10-04,7.0,5670.0,0.0,5670.0
2021-10-05,6.0,4850.0,0.0,4850.0
2021-10-06,4.0,5890.0,0.0,5890.0
2021-10-07,4.0,4400.0,0.0,4400.0
2021-10-08,5.0,4160.0,0.0,4160.0
2021-10-09,3.0,2160.0,0.0,2160.0
2021-10-10,4.0,3265.0,0.0,3265.0
2021-10-11,8.0,7750.0,0.0,7750.0
2021-10-12,7.0,5300.0,0.0,5300.0
2021-10-13,3.0,3110.0,0.0,3110.0
2021-10-14,4.0,6752.5,0.0,6752.5
2021-10-15,5.0,10395.0,0.0,10395.0
2021-10-16,6.0,7040.0,0.0,7040.0
2021-10-17,6.0,6260.0,0.0,6260.0
2021-10-18,4.0,4950.0,0.0,4950.0
2021-10-19,9.0,6690.0,0.0,6690.0
2021-10-20,4.0,1960.0,0.0,1960.0
2021-10-21,3.0,2450.0,0.0,2450.0
2021-10-22,6.0,6150.0,0.0,6150.0
2021-10-23,9.0,7480.0,0.0,7480.0
2021-10-24,1.0,875.0,0.0,875.0
2021-10-25,5.0,3717.5,0.0,3717.5
2021-10-26,9.0,6560.0,0.0,6560.0
2021-10-27,12.0,8855.0,0.0,8855.0
2021-10-28,7.0,5060.0,0.0,5060.0
2021-10-29,6.0,5615.0,0.0,5615.0
2021-10-30,6.0,5660.0,0.0,5660.0
2021-10-31,5.0,5475.0,0.0,5475.0
2021-11-01,9.0,7740.0,0.0,7740.0
2021-11-02,6.0,3885.0,0.0,3885.0
2021-11-03,5.0,4420.0,0.0,4420.0
2021-11-04,5.0,5400.0,0.0,5400.0
2021-11-05,3.0,5120.0,0.0,5120.0
2021-11-06,3.0,2045.0,0.0,2045.0
2021-11-07,6.0,4770.0,0.0,4770.0
2021-11-08,3.0,2125.0,0.0,2125.0
2021-11-09,5.0,4610.0,0.0,4610.0
2021-11-10,4.0,2545.0,0.0,2545.0
2021-11-11,2.0,700.0,0.0,700.0
2021-11-12,3.0,3300.0,0.0,3300.0
2021-11-13,4.0,5650.0,0.0,5650.0
2021-11-14,3.0,5250.0,0.0,5250.0
2021-11-15,4.0,6440.0,0.0,6440.0
2021-11-16,4.0,3160.0,0.0,3160.0
2021-11-17,6.0,4325.0,0.0,4325.0
2021-11-18,2.0,3380.0,0.0,3380.0
2021-11-19,2.0,1490.0,0.0,1490.0
2021-11-20,2.0,1400.0,0.0,1400.0
2021-11-21,2.5,3075.0,0.0,3075.0
2021-11-22,3.0,4750.0,0.0,4750.0
2021-11-23,2.0,2380.0,0.0,2380.0
2021-11-24,3.0,1225.0,0.0,1225.0
2021-11-25,3.0,1900.0,0.0,1900.0
2021-11-26,5.0,5550.0,0.0,5550.0
2021-11-27,1.0,650.0,0.0,650.0
2021-11-28,4.0,2000.0,0.0,2000.0
2021-11-29,2.5,1075.0,0.0,1075.0
2021-11-30,1.0,150.0,0.0,150.0
2021-12-01,2.0,750.0,0.0,750.0
2021-12-02,2.0,380.0,0.0,380.0
2021-12-03,3.0,3950.0,0.0,3950.0
2021-12-04,2.5,2775.0,0.0,2775.0
2021-12-05,2.0,1600.0,0.0,1600.0
2021-12-06,5.0,12240.0,0.0,12240.0
2021-12-07,3.0,490.0,0.0,490.0
2021-12-08,5.0,2460.0,0.0,2460.0
2021-12-09,1.0,1550.0,0.0,1550.0
2021-12-10,9.0,7440.0,0.0,7440.0
2021-12-11,6.0,6640.0,0.0,6640.0
2021-12-12,2.0,170.0,0.0,170.0
2021-12-13,1.0,350.0,0.0,350.0
2021-12-14,2.0,1850.0,0.0,1850.0
2021-12-15,2.0,2000.0,0.0,2000.0
2021-12-16,1.5,1215.0,0.0,1215.0
2021-12-17,1.0,430.0,0.0,430.0
2021-12-18,5.0,3200.0,0.0,3200.0
2021-12-19,2.0,2250.0,0.0,2250.0
2021-12-20,6.0,6445.0,0.0,6445.0
2021-12-21,3.0,940.0,0.0,940.0
2021-12-22,2.0,4900.0,0.0,4900.0
2021-12-23,2.0,1400.0,0.0,1400.0
2021-12-24,4.0,2150.0,0.0,2150.0
2021-12-25,2.0,2800.0,0.0,2800.0
2021-12-26,2.0,950.0,0.0,950.0
2021-12-27,1.0,3770.0,0.0,3770.0
2021-12-28,2.5,10400.0,0.0,10400.0
2021-12-29,4.0,17030.0,0.0,17030.0
2021-12-30,1.0,3.0,0.0,3.0
2021-12-31,1.2,302.4,0.0,302.4
2022-01-01,1.4,601.8,0.0,601.8
2022-01-02,1.6,901.1999999999999,0.0,901.1999999999999
2022-01-03,1.8,1200.6,0.0,1200.6
2022-01-04,2.0,1500.0,0.0,1500.0
2022-01-05,1.0,255.0,0.0,255.0
2022-01-06,4.0,2550.0,0.0,2550.0
2022-01-07,3.0,3025.0,0.0,3025.0
2022-01-08,4.0,2070.0,0.0,2070.0
2022-01-09,3.5,2032.5,0.0,2032.5
2022-01-10,3.0,1995.0,0.0,1995.0
2022-01-11,5.0,5175.0,0.0,5175.0
2022-01-12,2.0,190.0,0.0,190.0
2022-01-13,2.0,1535.0,0.0,1535.0
2022-01-14,1.0,3600.0,0.0,3600.0
2022-01-15,1.3333333333333333,3290.0,0.0,3290.0
2022-01-16,1.6666666666666665,2980.0,0.0,2980.0
2022-01-17,2.0,2670.0,0.0,2670.0
2022-01-18,2.0,300.0,0.0,300.0
2022-01-19,4.0,3250.0,0.0,3250.0
2022-01-20,2.0,1250.0,0.0,1250.0
2022-01-21,3.0,2750.0,0.0,2750.0
2022-01-22,2.0,240.0,0.0,240.0
2022-01-23,4.0,3000.0,0.0,3000.0
2022-01-24,1.0,40.0,0.0,40.0
2022-01-25,3.0,2900.0,0.0,2900.0
2022-01-26,3.0,455.0,0.0,455.0
2022-01-27,2.0,550.0,0.0,550.0
2022-01-28,3.0,2285.0,0.0,2285.0
2022-01-29,2.0,2505.0,0.0,2505.0
2022-01-30,5.0,1550.0,0.0,1550.0
2022-01-31,1.0,450.0,0.0,450.0
2022-02-01,3.0,1920.0,0.0,1920.0
2022-02-02,3.0,2260.0,0.0,2260.0
2022-02-03,3.0,2600.0,0.0,2600.0
2022-02-04,2.0,2100.0,0.0,2100.0
2022-02-05,2.0,950.0,0.0,950.0
2022-02-06,5.0,2600.0,0.0,2600.0
2022-02-07,4.0,3325.0,0.0,3325.0
2022-02-08,3.0,1750.0,0.0,1750.0
2022-02-09,4.0,3050.0,0.0,3050.0
2022-02-10,4.0,1650.0,0.0,1650.0
2022-02-11,2.0,1950.0,0.0,1950.0
2022-02-12,5.0,12400.0,0.0,12400.0
2022-02-13,4.0,3300.0,0.0,3300.0
2022-02-14,5.0,3250.0,0.0,3250.0
2022-02-15,4.0,2875.0,0.0,2875.0
2022-02-16,1.0,250.0,0.0,250.0
2022-02-17,7.0,5360.0,0.0,5360.0
2022-02-18,5.0,1650.0,0.0,1650.0
2022-02-19,4.0,3800.0,0.0,3800.0
2022-02-20,1.0,1500.0,0.0,1500.0
2022-02-21,4.0,3410.0,0.0,3410.0
2022-02-22,3.0,2600.0,0.0,2600.0
2022-02-23,3.0,1800.0,0.0,1800.0
2022-02-24,1.0,650.0,0.0,650.0
2022-02-25,3.0,1480.0,0.0,1480.0
2022-02-26,3.0,2700.0,0.0,2700.0
2022-02-27,2.0,1850.0,0.0,1850.0
2022-02-28,2.0,700.0,0.0,700.0
2022-03-01,1.0,110.0,0.0,110.0
2022-03-02,2.0,870.0,0.0,870.0
2022-03-03,4.0,3350.0,0.0,3350.0
2022-03-04,9.0,12120.0,0.0,12120.0
2022-03-05,1.0,800.0,0.0,800.0
2022-03-06,3.0,2650.0,0.0,2650.0
2022-03-07,1.0,1900.0,0.0,1900.0
2022-03-08,3.0,4050.0,0.0,4050.0
2022-03-09,5.0,3755.0,0.0,3755.0
2022-03-10,2.0,500.0,0.0,500.0
2022-03-11,5.0,3320.0,0.0,3320.0
2022-03-12,3.0,6225.0,0.0,6225.0
2022-03-13,2.0,2200.0,0.0,2200.0
2022-03-14,2.0,2850.0,0.0,2850.0
2022-03-15,1.0,1000.0,0.0,1000.0
2022-03-16,3.0,3250.0,0.0,3250.0
2022-03-17,2.0,235.0,0.0,235.0
2022-03-18,1.0,900.0,0.0,900.0
2022-03-19,2.5,3125.0,0.0,3125.0
2022-03-20,4.0,5350.0,0.0,5350.0
2022-03-21,1.0,2100.0,0.0,2100.0
2022-03-22,4.0,1920.0,0.0,1920.0
2022-03-23,3.0,6550.0,0.0,6550.0
2022-03-24,4.0,3875.0,0.0,3875.0
2022-03-25,1.0,600.0,0.0,600.0
2022-03-26,1.0,1000.0,0.0,1000.0
2022-03-27,5.0,4975.0,0.0,4975.0
2022-03-28,1.0,2150.0,0.0,2150.0
2022-03-29,3.0,9240.0,0.0,9240.0
2022-03-30,3.0,470.0,0.0,470.0
2022-03-31,7.0,9905.0,0.0,9905.0
2022-04-01,6.0,6235.0,0.0,6235.0
2022-04-02,4.5,3805.0,0.0,3805.0
2022-04-03,3.0,1375.0,0.0,1375.0
2022-04-04,5.0,4050.0,0.0,4050.0
2022-04-05,4.0,5375.0,0.0,5375.0
2022-04-06,2.0,715.0,0.0,715.0
2022-04-07,3.0,6200.0,0.0,6200.0
2022-04-08,1.0,185.0,0.0,185.0
2022-04-09,4.0,4542.0,0.0,4542.0
2022-04-10,5.0,4785.0,0.0,4785.0
2022-04-11,2.0,1852.0,0.0,1852.0
2022-04-12,7.0,7600.0,0.0,7600.0
2022-04-13,5.0,5205.0,0.0,5205.0
2022-04-14,8.0,9758.0,0.0,9758.0
2022-04-15,7.0,10300.0,0.0,10300.0
2022-04-16,9.0,6665.0,0.0,6665.0
2022-04-17,6.0,8030.0,0.0,8030.0
2022-04-18,5.0,5185.0,0.0,5185.0
2022-04-19,5.0,2560.0,0.0,2560.0
2022-04-20,10.0,7370.7,0.0,7370.7
2022-04-21,9.0,7040.5,0.0,7040.5
2022-04-22,5.0,7280.0,0.0,7280.0
2022-04-23,5.0,9545.0,0.0,9545.0
2022-04-24,6.0,5155.0,0.0,5155.0
2022-04-25,5.0,5413.0,0.0,5413.0
2022-04-26,3.0,2785.0,0.0,2785.0
2022-04-27,7.0,5925.0,0.0,5925.0
2022-04-28,3.0,2500.0,0.0,2500.0
2022-04-29,5.0,7125.0,0.0,7125.0
2022-04-30,3.0,2650.0,0.0,2650.0
2022-05-01,4.0,4400.0,0.0,4400.0
2022-05-02,4.0,2900.0,0.0,2900.0
2022-05-03,2.0,2460.0,0.0,2460.0
2022-05-04,7.0,7231.0,0.0,7231.0
2022-05-05,7.0,7335.0,0.0,7335.0
2022-05-06,5.0,5725.0,0.0,5725.0
2022-05-07,4.0,19960.0,0.0,19960.0
2022-05-08,5.0,7175.0,0.0,7175.0
2022-05-09,3.0,13800.0,0.0,13800.0
2022-05-10,4.5,11830.0,0.0,11830.0
2022-05-11,6.0,9860.0,0.0,9860.0
2022-05-12,6.0,7544.0,0.0,7544.0
2022-05-13,4.0,6850.0,0.0,6850.0
2022-05-14,4.0,3515.0,0.0,3515.0
2022-05-15,2.0,5225.0,0.0,5225.0
2022-05-16,9.0,9550.0,0.0,9550.0
2022-05-17,5.0,3845.0,0.0,3845.0
2022-05-18,3.0,3470.0,0.0,3470.0
2022-05-19,3.0,3210.0,0.0,3210.0
2022-05-20,4.0,4500.0,0.0,4500.0
2022-05-21,2.0,5050.0,0.0,5050.0
2022-05-22,3.0,3300.0,0.0,3300.0
2022-05-23,5.0,7015.0,0.0,7015.0
2022-05-24,6.0,6150.0,0.0,6150.0
2022-05-25,4.0,5825.0,0.0,5825.0
2022-05-26,6.0,6625.0,0.0,6625.0
2022-05-27,4.0,9335.0,0.0,9335.0
2022-05-28,3.0,2950.0,0.0,2950.0
2022-05-29,4.0,4950.0,0.0,4950.0
2022-05-30,5.0,13773.0,0.0,13773.0
2022-05-31,5.0,5725.0,0.0,5725.0
2022-06-01,3.0,3525.0,0.0,3525.0
2022-06-02,2.0,200.0,0.0,200.0
2022-06-03,3.0,2525.0,0.0,2525.0
2022-06-04,6.0,8335.0,0.0,8335.0
2022-06-05,3.0,2085.0,0.0,2085.0
2022-06-06,9.0,10215.0,0.0,10215.0
2022-06-07,4.0,3650.0,0.0,3650.0
2022-06-08,4.0,3700.0,0.0,3700.0
2022-06-09,4.0,5000.0,0.0,5000.0
2022-06-10,4.0,2870.0,0.0,2870.0
2022-06-11,2.0,4175.0,0.0,4175.0
2022-06-12,4.0,3598.0,0.0,3598.0
2022-06-13,5.0,7675.0,0.0,7675.0
2022-06-14,5.0,10145.0,0.0,10145.0
2022-06-15,6.0,7491.0,0.0,7491.0
2022-06-16,3.0,2900.0,0.0,2900.0
2022-06-17,4.0,2650.0,0.0,2650.0
2022-06-18,3.0,4500.0,0.0,4500.0
2022-06-19,3.0,4720.0,0.0,4720.0
2022-06-20,3.0,3725.0,0.0,3725.0
2022-06-21,6.0,5575.0,0.0,5575.0
2022-06-22,5.0,10410.0,0.0,10410.0
2022-06-23,6.0,1760.0,0.0,1760.0
2022-06-24,4.0,5050.0,0.0,5050.0
2022-06-25,3.0,6260.0,0.0,6260.0
2022-06-26,3.0,4315.0,0.0,4315.0
2022-06-27,3.0,1625.0,0.0,1625.0
2022-06-28,4.0,6950.0,0.0,6950.0
2022-06-29,5.0,5375.0,0.0,5375.0
2022-06-30,3.0,2730.0,0.0,2730.0
2022-07-01,7.0,7135.0,0.0,7135.0
2022-07-02,2.0,1000.0,0.0,1000.0
2022-07-03,3.0,5600.0,0.0,5600.0
2022-07-04,2.0,4400.0,0.0,4400.0
2022-07-05,7.0,6375.0,0.0,6375.0
2022-07-06,5.0,9275.0,0.0,9275.0
2022-07-07,2.0,3800.0,0.0,3800.0
2022-07-08,3.0,9425.0,0.0,9425.0
2022-07-09,6.0,5350.0,0.0,5350.0
2022-07-10,5.0,6475.0,0.0,6475.0
2022-07-11,1.0,3700.0,0.0,3700.0
2022-07-12,2.0,10800.0,0.0,10800.0
2022-07-13,6.5,10410.0,0.0,10410.0
2022-07-14,11.0,10020.0,0.0,10020.0
2022-07-15,2.0,2650.0,0.0,2650.0
2022-07-16,3.0,4000.0,0.0,4000.0
2022-07-17,3.0,2044.0,0.0,2044.0
2022-07-18,6.0,12400.0,0.0,12400.0
2022-07-19,7.0,6685.0,0.0,6685.0
2022-07-20,2.0,1050.0,0.0,1050.0
2022-07-21,2.0,3150.0,0.0,3150.0
2022-07-22,1.0,9200.0,0.0,9200.0
2022-07-23,3.0,9225.0,0.0,9225.0
2022-07-24,6.0,5990.0,0.0,5990.0
2022-07-25,3.0,4577.0,0.0,4577.0
2022-07-26,7.0,7935.0,0.0,7935.0
2022-07-27,4.0,1010.0,0.0,1010.0
2022-07-28,10.0,11900.0,0.0,11900.0
2022-07-29,7.0,17850.0,0.0,17850.0
2022-07-30,5.0,6917.0,0.0,6917.0
2022-07-31,6.0,7425.0,0.0,7425.0
2022-08-01,5.0,2659.5,0.0,2659.5
2022-08-02,3.0,2755.0,0.0,2755.0
2022-08-03,1.0,800.0,0.0,800.0
2022-08-04,3.0,5950.0,0.0,5950.0
2022-08-05,5.0,8400.0,0.0,8400.0
2022-08-06,2.0,3200.0,0.0,3200.0
2022-08-07,5.0,6600.0,0.0,6600.0
2022-08-08,5.0,6910.0,0.0,6910.0
2022-08-09,2.0,5450.0,0.0,5450.0
2022-08-10,7.0,8800.0,0.0,8800.0
2022-08-11,6.0,7375.0,0.0,7375.0
2022-08-12,5.0,6840.0,0.0,6840.0
2022-08-13,6.0,8175.0,0.0,8175.0
2022-08-14,3.0,2600.0,0.0,2600.0
2022-08-15,4.0,5100.0,0.0,5100.0
2022-08-16,3.0,9125.0,0.0,9125.0
2022-08-17,2.0,525.0,0.0,525.0
2022-08-18,11.0,10235.0,0.0,10235.0
2022-08-19,5.0,7200.0,0.0,7200.0
2022-08-20,3.0,5950.0,0.0,5950.0
2022-08-21,2.0,2210.0,0.0,2210.0
2022-08-22,5.0,4675.0,0.0,4675.0
2022-08-23,2.0,1400.0,0.0,1400.0
2022-08-24,10.0,12040.0,0.0,12040.0
2022-08-25,3.0,7300.0,0.0,7300.0
2022-08-26,5.0,8600.0,0.0,8600.0
2022-08-27,4.0,3530.0,0.0,3530.0
2022-08-28,2.0,2150.0,0.0,2150.0
2022-08-29,2.0,4975.0,0.0,4975.0
2022-08-30,4.0,6325.0,0.0,6325.0
2022-08-31,4.0,1780.0,0.0,1780.0
2022-09-01,2.0,2950.0,0.0,2950.0
2022-09-02,3.0,8475.0,0.0,8475.0
2022-09-03,3.0,3400.0,0.0,3400.0
2022-09-04,2.0,3975.0,0.0,3975.0
2022-09-05,2.0,1175.0,0.0,1175.0
2022-09-06,2.0,2325.0,0.0,2325.0
2022-09-07,6.0,6100.0,0.0,6100.0
2022-09-08,4.0,11988.0,0.0,11988.0
2022-09-09,3.0,2300.0,0.0,2300.0
2022-09-10,5.0,11385.0,0.0,11385.0
2022-09-11,2.0,1500.0,0.0,1500.0
2022-09-12,5.0,4335.0,0.0,4335.0
2022-09-13,3.0,1635.0,0.0,1635.0
2022-09-14,4.0,5375.0,0.0,5375.0
2022-09-15,3.0,4675.0,0.0,4675.0
2022-09-16,4.0,7700.0,0.0,7700.0
2022-09-17,4.0,5520.0,0.0,5520.0
2022-09-18,4.0,4100.0,0.0,4100.0
2022-09-19,4.0,4580.0,0.0,4580.0
2022-09-20,4.0,3825.0,0.0,3825.0
2022-09-21,4.0,2700.0,0.0,2700.0
2022-09-22,6.0,5845.0,0.0,5845.0
2022-09-23,3.0,7800.0,0.0,7800.0
2022-09-24,3.5,7125.0,0.0,7125.0
2022-09-25,4.0,6450.0,0.0,6450.0
2022-09-26,2.0,2200.0,0.0,2200.0
2022-09-27,2.0,11300.0,0.0,11300.0
2022-09-28,4.0,6570.0,0.0,6570.0
2022-09-29,3.5,4133.0,0.0,4133.0
2022-09-30,3.0,1696.0,0.0,1696.0
2022-10-01,4.0,7100.0,0.0,7100.0
2022-10-02,3.0,3625.0,0.0,3625.0
2022-10-03,1.0,2200.0,0.0,2200.0
2022-10-04,6.0,4965.0,0.0,4965.0
2022-10-05,6.0,7075.0,0.0,7075.0
2022-10-06,6.0,3425.0,0.0,3425.0
2022-10-07,6.0,8675.0,0.0,8675.0
2022-10-08,3.5,4412.5,0.0,4412.5
2022-10-09,1.0,150.0,0.0,150.0
2022-10-10,2.0,13200.0,0.0,13200.0
2022-10-11,3.0,4350.0,0.0,4350.0
2022-10-12,5.0,3850.0,0.0,3850.0
2022-10-13,3.0,2167.0,0.0,2167.0
2022-10-14,3.0,5825.0,0.0,5825.0
2022-10-15,1.0,325.0,0.0,325.0
2022-10-16,4.0,8135.0,0.0,8135.0
2022-10-17,4.0,2205.0,0.0,2205.0
2022-10-18,2.0,1725.0,0.0,1725.0
2022-10-19,3.0,2625.0,0.0,2625.0
2022-10-20,6.0,5952.0,0.0,5952.0
2022-10-21,9.0,8250.0,0.0,8250.0
2022-10-22,10.0,11324.0,0.0,11324.0
2022-10-23,6.0,5285.0,0.0,5285.0
2022-10-24,8.0,10146.0,0.0,10146.0
2022-10-25,7.0,13665.0,0.0,13665.0
2022-10-26,11.0,9120.0,0.0,9120.0
2022-10-27,7.0,6940.0,0.0,6940.0
2022-10-28,7.0,4797.0,0.0,4797.0
2022-10-29,7.0,9135.0,0.0,9135.0
2022-10-30,6.0,5446.0,0.0,5446.0
2022-10-31,5.0,8240.0,0.0,8240.0
2022-11-01,8.0,15116.0,0.0,15116.0
2022-11-02,5.0,5295.0,0.0,5295.0
2022-11-03,8.0,13640.0,0.0,13640.0
2022-11-04,3.0,3925.0,0.0,3925.0
2022-11-05,4.0,4754.2,0.0,4754.2
2022-11-06,4.0,8480.0,0.0,8480.0
2022-11-07,1.0,175.0,0.0,175.0
2022-11-08,2.0,10250.0,0.0,10250.0
2022-11-09,4.0,4025.0,0.0,4025.0
2022-11-10,3.5,2912.5,0.0,2912.5
2022-11-11,3.0,1800.0,0.0,1800.0
2022-11-12,1.0,3400.0,0.0,3400.0
2022-11-13,3.0,7025.0,0.0,7025.0
2022-11-14,5.0,6695.0,0.0,6695.0
2022-11-15,4.0,3562.0,0.0,3562.0
2022-11-16,1.0,1600.0,0.0,1600.0
2022-11-17,2.0,5150.0,0.0,5150.0
2022-11-18,2.0,2520.0,0.0,2520.0
2022-11-19,3.0,2380.0,0.0,2380.0
2022-11-20,1.0,300.0,0.0,300.0
2022-11-21,3.0,2850.0,0.0,2850.0
2022-11-22,2.0,1300.0,0.0,1300.0
2022-11-23,1.0,800.0,0.0,800.0
2022-11-24,3.0,4225.0,0.0,4225.0
2022-11-25,1.0,1900.0,0.0,1900.0
2022-11-26,1.5,2075.0,0.0,2075.0
2022-11-27,2.0,2250.0,0.0,2250.0
2022-11-28,1.0,1500.0,0.0,1500.0
2022-11-29,1.0,350.0,0.0,350.0
2022-11-30,2.5,3345.0,0.0,3345.0
2022-12-01,4.0,6340.0,0.0,6340.0
2022-12-02,3.0,7200.0,0.0,7200.0
2022-12-03,2.0,4350.0,0.0,4350.0
2022-12-04,3.5,4285.0,0.0,4285.0
2022-12-05,5.0,4220.0,0.0,4220.0
2022-12-06,3.0,1675.0,0.0,1675.0
2022-12-07,4.0,16000.0,0.0,16000.0
2022-12-08,3.0,3000.0,0.0,3000.0
2022-12-09,2.0,3885.0,0.0,3885.0
2022-12-10,2.0,1925.0,0.0,1925.0
2022-12-11,3.0,5625.0,0.0,5625.0
2022-12-12,1.0,50.0,0.0,50.0
2022-12-13,1.0,850.0,0.0,850.0
2022-12-14,1.0,1025.0,0.0,1025.0
2022-12-15,1.0,1200.0,0.0,1200.0
2022-12-16,4.0,2785.0,0.0,2785.0
2022-12-17,1.0,1150.0,0.0,1150.0
2022-12-18,1.0,600.0,0.0,600.0
2022-12-19,4.0,2150.0,0.0,2150.0
2022-12-20,2.0,4400.0,0.0,4400.0
2022-12-21,3.0,1025.0,0.0,1025.0
2022-12-22,1.0,1100.0,0.0,1100.0
2022-12-23,1.0,1000.0,0.0,1000.0
2022-12-24,1.0,150.0,0.0,150.0
2022-12-25,1.0,3625.0,0.0,3625.0
2022-12-26,1.5,3432.5,0.0,3432.5
2022-12-27,2.0,3240.0,0.0,3240.0
2022-12-28,4.0,2300.0,0.0,2300.0
2022-12-29,4.0,5300.0,0.0,5300.0
2022-12-30,1.0,1600.0,0.0,1600.0
2022-12-31,1.25,1525.0,0.0,1525.0
2023-01-01,1.5,1450.0,0.0,1450.0
2023-01-02,1.75,1375.0,0.0,1375.0
2023-01-03,2.0,1300.0,0.0,1300.0
2023-01-04,1.0,950.0,0.0,950.0
2023-01-05,2.0,1130.0,0.0,1130.0
2023-01-06,3.0,1310.0,0.0,1310.0
2023-01-07,2.6666666666666665,906.6666666666667,0.0,906.6666666666667
2023-01-08,2.3333333333333335,503.33333333333337,0.0,503.33333333333337
2023-01-09,2.0,100.0,0.0,100.0
2023-01-10,2.0,4500.0,0.0,4500.0
2023-01-11,2.5,2822.5,0.0,2822.5
2023-01-12,3.0,1145.0,0.0,1145.0
2023-01-13,2.0,2400.0,0.0,2400.0
2023-01-14,4.0,2470.0,0.0,2470.0
2023-01-15,1.0,725.0,0.0,725.0
2023-01-16,3.0,3025.0,0.0,3025.0
2023-01-17,1.0,50.0,0.0,50.0
2023-01-18,1.0,2300.0,0.0,2300.0
2023-01-19,1.6666666666666665,2505.0,0.0,2505.0
2023-01-20,2.333333333333333,2710.0,0.0,2710.0
2023-01-21,3.0,2915.0,0.0,2915.0
2023-01-22,1.0,1360.0,0.0,1360.0
2023-01-23,3.0,3325.0,0.0,3325.0
2023-01-24,2.5,2087.5,0.0,2087.5
2023-01-25,2.0,850.0,0.0,850.0
2023-01-26,6.0,5025.0,0.0,5025.0
2023-01-27,1.0,800.0,0.0,800.0
2023-01-28,3.0,3675.0,0.0,3675.0
2023-01-29,1.0,1175.0,0.0,1175.0
2023-01-30,2.0,7650.0,0.0,7650.0
2023-01-31,2.0,3930.0,0.0,3930.0
2023-02-01,1.0,2400.0,0.0,2400.0
2023-02-02,2.0,4800.0,0.0,4800.0
2023-02-03,3.0,7200.0,0.0,7200.0
2023-02-04,4.0,9600.0,0.0,9600.0
2023-02-05,1.0,1150.0,0.0,1150.0
2023-02-06,1.0,1525.0,0.0,1525.0
2023-02-07,2.0,1100.0,0.0,1100.0
2023-02-08,2.0,1800.0,0.0,1800.0
2023-02-09,1.0,250.0,0.0,250.0
2023-02-10,1.0,120.0,0.0,120.0
2023-02-11,2.0,500.0,0.0,500.0
2023-02-12,3.5,3425.0,0.0,3425.0
2023-02-13,5.0,6350.0,0.0,6350.0
2023-02-14,1.0,1225.0,0.0,1225.0
2023-02-15,3.0,2050.0,0.0,2050.0
2023-02-16,1.0,1500.0,0.0,1500.0
2023-02-17,3.0,3675.0,0.0,3675.0
2023-02-18,3.0,3662.5,0.0,3662.5
2023-02-19,3.0,3650.0,0.0,3650.0
2023-02-20,3.0,9700.0,0.0,9700.0
2023-02-21,3.0,3410.0,0.0,3410.0
2023-02-22,1.0,1225.0,0.0,1225.0
2023-02-23,1.0,4000.0,0.0,4000.0
2023-02-24,2.0,2575.0,0.0,2575.0
2023-02-25,3.0,4435.0,0.0,4435.0
2023-02-26,1.0,800.0,0.0,800.0
2023-02-27,2.0,1675.0,0.0,1675.0
2023-02-28,2.0,2550.0,0.0,2550.0
2023-03-01,5.0,17700.0,0.0,17700.0
2023-03-02,5.0,9250.0,0.0,9250.0
2023-03-03,2.0,4925.0,0.0,4925.0
2023-03-04,3.0,2400.0,0.0,2400.0
2023-03-05,6.0,6625.0,0.0,6625.0
2023-03-06,1.0,1400.0,0.0,1400.0
2023-03-07,4.0,3395.0,0.0,3395.0
2023-03-08,4.0,3297.5,0.0,3297.5
2023-03-09,4.0,3200.0,0.0,3200.0
2023-03-10,6.0,6610.0,0.0,6610.0
2023-03-11,4.0,2726.0,0.0,2726.0
2023-03-12,3.5,3068.0,0.0,3068.0
2023-03-13,3.0,3410.0,0.0,3410.0
2023-03-14,4.0,1900.0,0.0,1900.0
2023-03-15,5.0,5910.0,0.0,5910.0
2023-03-16,6.0,12405.0,0.0,12405.0
2023-03-17,4.0,5075.0,0.0,5075.0
2023-03-18,2.0,5200.0,0.0,5200.0
2023-03-19,6.0,6045.0,0.0,6045.0
2023-03-20,1.0,400.0,0.0,400.0
2023-03-21,2.0,3650.0,0.0,3650.0
2023-03-22,4.0,7532.82,0.0,7532.82
2023-03-23,6.0,11415.64,0.0,11415.64
2023-03-24,5.0,1745.0,0.0,1745.0
2023-03-25,5.0,14750.0,0.0,14750.0
2023-03-26,4.5,10397.5,0.0,10397.5
2023-03-27,4.0,6045.0,0.0,6045.0
2023-03-28,6.0,6933.0,0.0,6933.0
2023-03-29,7.0,8520.0,0.0,8520.0
2023-03-30,7.0,11720.0,0.0,11720.0
2023-03-31,4.0,13775.0,0.0,13775.0
2023-04-01,9.0,8480.0,0.0,8480.0
2023-04-02,8.0,7114.0,0.0,7114.0
2023-04-03,6.0,6050.0,0.0,6050.0
2023-04-04,10.0,10890.0,0.0,10890.0
2023-04-05,8.0,11464.0,0.0,11464.0
2023-04-06,9.0,9610.0,0.0,9610.0
2023-04-07,4.0,6795.0,0.0,6795.0
2023-04-08,6.0,13555.0,0.0,13555.0
2023-04-09,4.0,5120.0,0.0,5120.0
2023-04-10,8.0,9641.0,0.0,9641.0
2023-04-11,3.0,2180.0,0.0,2180.0
2023-04-12,7.0,11050.0,0.0,11050.0
2023-04-13,5.0,5699.0,0.0,5699.0
2023-04-14,5.0,15875.0,0.0,15875.0
2023-04-15,2.0,3375.0,0.0,3375.0
2023-04-16,1.0,1200.0,0.0,1200.0
2023-04-17,8.0,15334.0,0.0,15334.0
2023-04-18,9.0,12889.5,0.0,12889.5
2023-04-19,1.0,1725.0,0.0,1725.0
2023-04-20,4.0,4650.0,0.0,4650.0
2023-04-21,6.0,9607.0,0.0,9607.0
2023-04-22,3.0,6300.0,0.0,6300.0
2023-04-23,1.0,900.0,0.0,900.0
2023-04-24,6.0,8170.0,0.0,8170.0
2023-04-25,6.0,10605.0,0.0,10605.0
2023-04-26,4.0,4600.0,0.0,4600.0
2023-04-27,2.0,4625.0,0.0,4625.0
2023-04-28,2.0,10550.0,0.0,10550.0
2023-04-29,7.0,7435.0,0.0,7435.0
2023-04-30,6.0,6932.0,0.0,6932.0
2023-05-01,1.0,270.0,0.0,270.0
2023-05-02,5.0,6525.0,0.0,6525.0
2023-05-03,6.0,9425.0,0.0,9425.0
2023-05-04,5.0,8115.0,0.0,8115.0
2023-05-05,3.0,2342.5,0.0,2342.5
2023-05-06,2.0,2650.0,0.0,2650.0
2023-05-07,2.0,4150.0,0.0,4150.0
2023-05-08,4.0,4125.0,0.0,4125.0
2023-05-09,3.5,4015.0,0.0,4015.0
2023-05-10,3.0,3905.0,0.0,3905.0
2023-05-11,3.0,2780.0,0.0,2780.0
2023-05-12,2.0,2400.0,0.0,2400.0
2023-05-13,2.0,3560.0,0.0,3560.0
2023-05-14,4.0,7700.0,0.0,7700.0
2023-05-15,2.0,2500.0,0.0,2500.0
2023-05-16,4.0,6190.0,0.0,6190.0
2023-05-17,4.0,8900.0,0.0,8900.0
2023-05-18,4.0,16170.0,0.0,16170.0
2023-05-19,5.0,6025.0,0.0,6025.0
2023-05-20,4.0,9200.0,0.0,9200.0
2023-05-21,2.0,4960.0,0.0,4960.0
2023-05-22,3.0,6710.0,0.0,6710.0
2023-05-23,3.0,7400.0,0.0,7400.0
2023-05-24,2.0,650.0,0.0,650.0
2023-05-25,3.0,4825.0,0.0,4825.0
2023-05-26,3.0,3550.0,0.0,3550.0
2023-05-27,6.0,25675.0,0.0,25675.0
2023-05-28,3.0,7935.0,0.0,7935.0
2023-05-29,4.0,1800.0,0.0,1800.0
2023-05-30,5.0,7970.0,0.0,7970.0
2023-05-31,2.0,2950.0,0.0,2950.0
2023-06-01,4.0,2885.0,0.0,2885.0
2023-06-02,4.0,4875.0,0.0,4875.0
2023-06-03,3.0,4600.0,0.0,4600.0
2023-06-04,3.0,7037.5,0.0,7037.5
2023-06-05,3.0,9475.0,0.0,9475.0
2023-06-06,4.0,9350.0,0.0,9350.0
2023-06-07,6.0,3520.0,0.0,3520.0
2023-06-08,3.0,3525.0,0.0,3525.0
2023-06-09,1.0,600.0,0.0,600.0
2023-06-10,1.0,600.0,0.0,600.0
2023-06-11,1.0,600.0,0.0,600.0
2023-06-12,4.0,8164.5,0.0,8164.5
2023-06-13,7.0,7171.5,0.0,7171.5
2023-06-14,1.0,2400.0,0.0,2400.0
2023-06-15,6.0,25275.0,0.0,25275.0
2023-06-16,4.0,3445.0,0.0,3445.0
2023-06-17,1.0,11075.0,0.0,11075.0
2023-06-18,1.0,2600.0,0.0,2600.0
2023-06-19,5.0,14830.0,0.0,14830.0
2023-06-20,5.0,3830.0,0.0,3830.0
2023-06-21,4.0,12980.0,0.0,12980.0
2023-06-22,4.0,5638.0,0.0,5638.0
2023-06-23,6.0,16970.0,0.0,16970.0
2023-06-24,7.0,16025.0,0.0,16025.0
2023-06-25,5.0,5250.0,0.0,5250.0
2023-06-26,4.0,4325.0,0.0,4325.0
2023-06-27,3.0,3550.0,0.0,3550.0
2023-06-28,4.0,12495.0,0.0,12495.0
2023-06-29,2.0,10800.0,0.0,10800.0
2023-06-30,8.0,11325.0,0.0,11325.0
2023-07-01,3.0,5500.0,0.0,5500.0
2023-07-02,2.0,2900.0,0.0,2900.0
2023-07-03,4.0,5075.0,0.0,5075.0
2023-07-04,3.0,5750.0,0.0,5750.0
2023-07-05,3.0,5525.0,0.0,5525.0
2023-07-06,1.0,1300.0,0.0,1300.0
2023-07-07,2.0,6125.0,0.0,6125.0
2023-07-08,3.0,3100.0,0.0,3100.0
2023-07-09,3.0,3250.0,0.0,3250.0
2023-07-10,1.0,250.0,0.0,250.0
2023-07-11,3.0,7975.0,0.0,7975.0
2023-07-12,5.0,3450.0,0.0,3450.0
2023-07-13,6.0,5265.0,0.0,5265.0
2023-07-14,4.0,6000.0,0.0,6000.0
2023-07-15,1.0,250.0,0.0,250.0
2023-07-16,2.0,2050.0,0.0,2050.0
2023-07-17,3.0,1416.5,0.0,1416.5
2023-07-18,4.0,2280.75,0.0,2280.75
2023-07-19,5.0,3145.0,0.0,3145.0
2023-07-20,5.0,5325.0,0.0,5325.0
2023-07-21,6.0,9750.0,0.0,9750.0
2023-07-22,4.5,6675.0,0.0,6675.0
2023-07-23,3.0,3600.0,0.0,3600.0
2023-07-24,7.0,7298.0,0.0,7298.0
2023-07-25,6.0,5265.0,0.0,5265.0
2023-07-26,4.0,5620.0,0.0,5620.0
2023-07-27,2.0,5975.0,0.0,5975.0
2023-07-28,4.0,525.0,0.0,525.0
2023-07-29,3.0,4850.0,0.0,4850.0
2023-07-30,4.5,4015.0,0.0,4015.0
2023-07-31,6.0,3180.0,0.0,3180.0
2023-08-01,5.0,9177.5,0.0,9177.5
2023-08-02,4.0,15175.0,0.0,15175.0
2023-08-03,5.5,13275.0,0.0,13275.0
2023-08-04,7.0,11375.0,0.0,11375.0
2023-08-05,8.0,8300.0,0.0,8300.0
2023-08-06,6.0,7687.5,0.0,7687.5
2023-08-07,4.0,7075.0,0.0,7075.0
2023-08-08,7.0,12205.0,0.0,12205.0
2023-08-09,6.0,3625.0,0.0,3625.0
2023-08-10,4.0,2832.5,0.0,2832.5
2023-08-11,2.0,2040.0,0.0,2040.0
2023-08-12,4.0,15425.0,0.0,15425.0
2023-08-13,5.0,9907.5,0.0,9907.5
2023-08-14,6.0,4390.0,0.0,4390.0
2023-08-15,10.0,10190.0,0.0,10190.0
2023-08-16,7.0,10200.0,0.0,10200.0
2023-08-17,5.5,10475.0,0.0,10475.0
2023-08-18,4.0,10750.0,0.0,10750.0
2023-08-19,2.0,2300.0,0.0,2300.0
2023-08-20,3.0,1825.0,0.0,1825.0
2023-08-21,5.0,7100.0,0.0,7100.0
2023-08-22,1.0,950.0,0.0,950.0
2023-08-23,2.0,1306.0,0.0,1306.0
2023-08-24,3.5,4153.0,0.0,4153.0
2023-08-25,5.0,7000.0,0.0,7000.0
2023-08-26,4.0,4425.0,0.0,4425.0
2023-08-27,4.0,4650.0,0.0,4650.0
2023-08-28,4.0,4875.0,0.0,4875.0
2023-08-29,5.0,6433.0,0.0,6433.0
2023-08-30,6.0,10425.0,0.0,10425.0
2023-08-31,3.5,5962.5,0.0,5962.5
2023-09-01,1.0,1500.0,0.0,1500.0
2023-09-02,4.0,4900.0,0.0,4900.0
2023-09-03,5.0,1850.0,0.0,1850.0
2023-09-04,4.0,3325.0,0.0,3325.0
2023-09-05,3.0,3762.5,0.0,3762.5
2023-09-06,2.0,4200.0,0.0,4200.0
2023-09-07,3.0,4250.0,0.0,4250.0
2023-09-08,3.0,5200.0,0.0,5200.0
2023-09-09,2.0,750.0,0.0,750.0
2023-09-10,1.0,200.0,0.0,200.0
2023-09-11,3.0,5580.0,0.0,5580.0
2023-09-12,3.0,1750.0,0.0,1750.0
2023-09-13,1.0,8550.0,0.0,8550.0
2023-09-14,3.0,1025.0,0.0,1025.0
2023-09-15,5.0,7240.0,0.0,7240.0
2023-09-16,3.0,4225.0,0.0,4225.0
2023-09-17,2.5,4425.0,0.0,4425.0
2023-09-18,2.0,4625.0,0.0,4625.0
2023-09-19,5.0,5720.0,0.0,5720.0
2023-09-20,2.0,2400.0,0.0,2400.0
2023-09-21,2.5,2900.0,0.0,2900.0
2023-09-22,3.0,3400.0,0.0,3400.0
2023-09-23,5.0,13950.0,0.0,13950.0
2023-09-24,6.0,8875.0,0.0,8875.0
2023-09-25,7.0,3800.0,0.0,3800.0
2023-09-26,3.0,2825.0,0.0,2825.0
2023-09-27,6.0,10720.0,0.0,10720.0
2023-09-28,5.0,6035.0,0.0,6035.0
2023-09-29,4.0,1350.0,0.0,1350.0
2023-09-30,4.0,1445.0,0.0,1445.0
2023-10-01,4.0,1540.0,0.0,1540.0
2023-10-02,4.0,1635.0,0.0,1635.0
2023-10-03,3.0,3750.0,0.0,3750.0
2023-10-04,3.25,4187.5,0.0,4187.5
2023-10-05,3.5,4625.0,0.0,4625.0
2023-10-06,3.75,5062.5,0.0,5062.5
2023-10-07,4.0,5500.0,0.0,5500.0
2023-10-08,3.5,5108.333333333333,0.0,5108.333333333333
2023-10-09,3.0,4716.666666666667,0.0,4716.666666666667
2023-10-10,2.5,4325.0,0.0,4325.0
2023-10-11,2.0,3933.333333333333,0.0,3933.333333333333
2023-10-12,1.5,3541.6666666666665,0.0,3541.6666666666665
2023-10-13,1.0,3150.0,0.0,3150.0
2023-10-14,1.0,800.0,0.0,800.0
2023-10-15,1.0,240.0,0.0,240.0
2023-10-16,1.0,258.5,0.0,258.5
2023-10-17,1.0,277.0,0.0,277.0
2023-10-18,1.0,295.5,0.0,295.5
2023-10-19,1.0,314.0,0.0,314.0
2023-10-20,1.0,332.5,0.0,332.5
2023-10-21,1.0,351.0,0.0,351.0
2023-10-22,1.0,882.0,0.0,882.0
2023-10-23,1.0,847.2727272727273,0.0,847.2727272727273
2023-10-24,1.0,812.5454545454545,0.0,812.5454545454545
2023-10-25,1.0,777.8181818181818,0.0,777.8181818181818
2023-10-26,1.0,743.0909090909091,0.0,743.0909090909091
2023-10-27,1.0,708.3636363636364,0.0,708.3636363636364
2023-10-28,1.0,673.6363636363636,0.0,673.6363636363636
2023-10-29,1.0,638.9090909090909,0.0,638.9090909090909
2023-10-30,1.0,604.1818181818182,0.0,604.1818181818182
2023-10-31,1.0,569.4545454545455,0.0,569.4545454545455
2023-11-01,1.0,534.7272727272727,0.0,534.7272727272727
2023-11-02,1.0,500.0,0.0,500.0
2023-11-03,1.0,583.3333333333334,0.0,583.3333333333334
2023-11-04,1.0,666.6666666666666,0.0,666.6666666666666
2023-11-05,1.0,750.0,0.0,750.0
2023-11-06,1.0,833.3333333333333,0.0,833.3333333333333
2023-11-07,1.0,916.6666666666666,0.0,916.6666666666666
2023-11-08,1.0,1000.0,0.0,1000.0
2023-11-09,1.1052631578947367,1106.578947368421,0.0,1106.578947368421
2023-11-10,1.2105263157894737,1213.157894736842,0.0,1213.157894736842
2023-11-11,1.3157894736842106,1319.7368421052631,0.0,1319.7368421052631
2023-11-12,1.4210526315789473,1426.3157894736842,0.0,1426.3157894736842
2023-11-13,1.526315789473684,1532.8947368421054,0.0,1532.8947368421054
2023-11-14,1.631578947368421,1639.4736842105262,0.0,1639.4736842105262
2023-11-15,1.736842105263158,1746.0526315789475,0.0,1746.0526315789475
2023-11-16,1.8421052631578947,1852.6315789473683,0.0,1852.6315789473683
2023-11-17,1.9473684210526314,1959.2105263157896,0.0,1959.2105263157896
2023-11-18,2.052631578947368,2065.789473684211,0.0,2065.789473684211
2023-11-19,2.1578947368421053,2172.3684210526317,0.0,2172.3684210526317
2023-11-20,2.263157894736842,2278.9473684210525,0.0,2278.9473684210525
2023-11-21,2.3684210526315788,2385.5263157894738,0.0,2385.5263157894738
2023-11-22,2.473684210526316,2492.105263157895,0.0,2492.105263157895
2023-11-23,2.5789473684210527,2598.684210526316,0.0,2598.684210526316
2023-11-24,2.6842105263157894,2705.2631578947367,0.0,2705.2631578947367
2023-11-25,2.789473684210526,2811.842105263158,0.0,2811.842105263158
2023-11-26,2.894736842105263,2918.421052631579,0.0,2918.421052631579
2023-11-27,3.0,3025.0,0.0,3025.0
2023-11-28,3.0,1675.0,0.0,1675.0
2023-11-29,3.0,4500.0,0.0,4500.0
2023-11-30,5.0,12775.0,0.0,12775.0
2023-12-01,4.0,6225.0,0.0,6225.0
2023-12-02,3.9411764705882355,6168.470588235294,0.0,6168.470588235294
2023-12-03,3.8823529411764706,6111.941176470588,0.0,6111.941176470588
2023-12-04,3.823529411764706,6055.411764705882,0.0,6055.411764705882
2023-12-05,3.764705882352941,5998.882352941177,0.0,5998.882352941177
2023-12-06,3.7058823529411766,5942.35294117647,0.0,5942.35294117647
2023-12-07,3.6470588235294117,5885.823529411765,0.0,5885.823529411765
2023-12-08,3.588235294117647,5829.294117647059,0.0,5829.294117647059
2023-12-09,3.5294117647058822,5772.764705882353,0.0,5772.764705882353
2023-12-10,3.4705882352941178,5716.235294117647,0.0,5716.235294117647
2023-12-11,3.411764705882353,5659.705882352941,0.0,5659.705882352941
2023-12-12,3.3529411764705883,5603.176470588235,0.0,5603.176470588235
2023-12-13,3.2941176470588234,5546.64705882353,0.0,5546.64705882353
2023-12-14,3.235294117647059,5490.117647058823,0.0,5490.117647058823
2023-12-15,3.1764705882352944,5433.588235294117,0.0,5433.588235294117
2023-12-16,3.1176470588235294,5377.058823529412,0.0,5377.058823529412
2023-12-17,3.0588235294117645,5320.529411764706,0.0,5320.529411764706
2023-12-18,3.0,5264.0,0.0,5264.0
2023-12-19,3.0,7060.0,0.0,7060.0
2023-12-20,3.0,10150.0,0.0,10150.0
2023-12-21,4.0,4535.0,0.0,4535.0
2023-12-22,2.0,3900.0,0.0,3900.0
2023-12-23,1.0,3300.0,0.0,3300.0
2023-12-24,1.0869565217391304,3870.6521739130435,0.0,3870.6521739130435
2023-12-25,1.1739130434782608,4441.304347826087,0.0,4441.304347826087
2023-12-26,1.2608695652173914,5011.95652173913,0.0,5011.95652173913
2023-12-27,1.3478260869565217,5582.608695652174,0.0,5582.608695652174
2023-12-28,1.434782608695652,6153.260869565218,0.0,6153.260869565218
2023-12-29,1.5217391304347827,6723.913043478261,0.0,6723.913043478261
2023-12-30,1.608695652173913,7294.565217391304,0.0,7294.565217391304
2023-12-31,1.6956521739130435,7865.217391304348,0.0,7865.217391304348
2024-01-01,1.7826086956521738,8435.869565217392,0.0,8435.869565217392
2024-01-02,1.8695652173913042,9006.521739130436,0.0,9006.521739130436
2024-01-03,1.9565217391304348,9577.173913043478,0.0,9577.173913043478
2024-01-04,2.0434782608695654,10147.826086956522,0.0,10147.826086956522
2024-01-05,2.1304347826086953,10718.478260869566,0.0,10718.478260869566
2024-01-06,2.217391304347826,11289.130434782608,0.0,11289.130434782608
2024-01-07,2.3043478260869565,11859.782608695652,0.0,11859.782608695652
2024-01-08,2.391304347826087,12430.434782608696,0.0,12430.434782608696
2024-01-09,2.4782608695652173,13001.08695652174,0.0,13001.08695652174
2024-01-10,2.5652173913043477,13571.739130434784,0.0,13571.739130434784
2024-01-11,2.6521739130434785,14142.391304347826,0.0,14142.391304347826
2024-01-12,2.7391304347826084,14713.04347826087,0.0,14713.04347826087
2024-01-13,2.8260869565217392,15283.695652173914,0.0,15283.695652173914
2024-01-14,2.9130434782608696,15854.347826086956,0.0,15854.347826086956
2024-01-15,3.0,16425.0,0.0,16425.0
2024-01-16,5.0,11125.0,0.0,11125.0
2024-01-17,4.0,12450.0,0.0,12450.0
2024-01-18,5.0,6673.0,0.0,6673.0
2024-01-19,1.0,500.0,0.0,500.0
2024-01-20,1.0,583.3333333333334,0.0,583.3333333333334
2024-01-21,1.0,666.6666666666666,0.0,666.6666666666666
2024-01-22,1.0,750.0,0.0,750.0
2024-01-23,2.0,2300.0,0.0,2300.0
2024-01-24,2.0,250.0,0.0,250.0
2024-01-25,1.0,400.0,0.0,400.0
2024-01-26,2.0,2600.0,0.0,2600.0
2024-01-27,2.1,2721.0,0.0,2721.0
2024-01-28,2.2,2842.0,0.0,2842.0
2024-01-29,2.3,2963.0,0.0,2963.0
2024-01-30,2.4,3084.0,0.0,3084.0
2024-01-31,2.5,3205.0,0.0,3205.0
2024-02-01,2.6,3326.0,0.0,3326.0
2024-02-02,2.7,3447.0,0.0,3447.0
2024-02-03,2.8,3568.0,0.0,3568.0
2024-02-04,2.9,3689.0,0.0,3689.0
2024-02-05,3.0,3810.0,0.0,3810.0
2024-02-06,4.0,13165.0,0.0,13165.0
2024-02-07,4.0,5560.0,0.0,5560.0
2024-02-08,4.0,8605.0,0.0,8605.0
2024-02-09,4.0,11650.0,0.0,11650.0
2024-02-10,3.9555555555555557,11467.777777777777,0.0,11467.777777777777
2024-02-11,3.911111111111111,11285.555555555555,0.0,11285.555555555555
2024-02-12,3.8666666666666667,11103.333333333334,0.0,11103.333333333334
2024-02-13,3.8222222222222224,10921.111111111111,0.0,10921.111111111111
2024-02-14,3.7777777777777777,10738.888888888889,0.0,10738.888888888889
2024-02-15,3.7333333333333334,10556.666666666666,0.0,10556.666666666666
2024-02-16,3.688888888888889,10374.444444444445,0.0,10374.444444444445
2024-02-17,3.6444444444444444,10192.222222222223,0.0,10192.222222222223
2024-02-18,3.6,10010.0,0.0,10010.0
2024-02-19,3.5555555555555554,9827.777777777777,0.0,9827.777777777777
2024-02-20,3.511111111111111,9645.555555555555,0.0,9645.555555555555
2024-02-21,3.466666666666667,9463.333333333332,0.0,9463.333333333332
2024-02-22,3.422222222222222,9281.111111111111,0.0,9281.111111111111
2024-02-23,3.3777777777777778,9098.888888888889,0.0,9098.888888888889
2024-02-24,3.333333333333333,8916.666666666666,0.0,8916.666666666666
2024-02-25,3.2888888888888888,8734.444444444445,0.0,8734.444444444445
2024-02-26,3.2444444444444445,8552.222222222223,0.0,8552.222222222223
2024-02-27,3.2,8370.0,0.0,8370.0
2024-02-28,3.1555555555555554,8187.777777777777,0.0,8187.777777777777
2024-02-29,3.111111111111111,8005.555555555556,0.0,8005.555555555556
2024-03-01,3.0666666666666664,7823.333333333333,0.0,7823.333333333333
2024-03-02,3.022222222222222,7641.111111111111,0.0,7641.111111111111
2024-03-03,2.977777777777778,7458.888888888889,0.0,7458.888888888889
2024-03-04,2.9333333333333336,7276.666666666666,0.0,7276.666666666666
2024-03-05,2.888888888888889,7094.444444444444,0.0,7094.444444444444
2024-03-06,2.844444444444444,6912.222222222222,0.0,6912.222222222222
2024-03-07,2.8,6730.0,0.0,6730.0
2024-03-08,2.7555555555555555,6547.777777777777,0.0,6547.777777777777
2024-03-09,2.7111111111111112,6365.555555555556,0.0,6365.555555555556
2024-03-10,2.6666666666666665,6183.333333333333,0.0,6183.333333333333
2024-03-11,2.6222222222222222,6001.111111111111,0.0,6001.111111111111
2024-03-12,2.5777777777777775,5818.888888888889,0.0,5818.888888888889
2024-03-13,2.533333333333333,5636.666666666666,0.0,5636.666666666666
2024-03-14,2.488888888888889,5454.444444444444,0.0,5454.444444444444
2024-03-15,2.4444444444444446,5272.222222222222,0.0,5272.222222222222
2024-03-16,2.4,5090.0,0.0,5090.0
2024-03-17,2.355555555555555,4907.777777777777,0.0,4907.777777777777
2024-03-18,2.311111111111111,4725.555555555556,0.0,4725.555555555556
2024-03-19,2.2666666666666666,4543.333333333333,0.0,4543.333333333333
2024-03-20,2.2222222222222223,4361.111111111111,0.0,4361.111111111111
2024-03-21,2.177777777777778,4178.888888888889,0.0,4178.888888888889
2024-03-22,2.1333333333333333,3996.666666666666,0.0,3996.666666666666
2024-03-23,2.0888888888888886,3814.4444444444443,0.0,3814.4444444444443
2024-03-24,2.0444444444444443,3632.2222222222217,0.0,3632.2222222222217
2024-03-25,2.0,3450.0,0.0,3450.0
2024-03-26,1.0,3400.0,0.0,3400.0
2024-03-27,4.0,7480.0,0.0,7480.0
2024-03-28,4.0,6250.0,0.0,6250.0
2024-03-29,3.0,11300.0,0.0,11300.0
2024-03-30,2.7142857142857144,9864.285714285714,0.0,9864.285714285714
2024-03-31,2.428571428571429,8428.571428571428,0.0,8428.571428571428
2024-04-01,2.142857142857143,6992.857142857143,0.0,6992.857142857143
2024-04-02,1.8571428571428572,5557.142857142857,0.0,5557.142857142857
2024-04-03,1.5714285714285716,4121.428571428571,0.0,4121.428571428571
2024-04-04,1.2857142857142858,2685.7142857142862,0.0,2685.7142857142862
2024-04-05,1.0,1250.0,0.0,1250.0
2024-04-06,1.1,1617.5,0.0,1617.5
2024-04-07,1.2,1985.0,0.0,1985.0
2024-04-08,1.3,2352.5,0.0,2352.5
2024-04-09,1.4,2720.0,0.0,2720.0
2024-04-10,1.5,3087.5,0.0,3087.5
2024-04-11,1.6,3455.0,0.0,3455.0
2024-04-12,1.7000000000000002,3822.5,0.0,3822.5
2024-04-13,1.8,4190.0,0.0,4190.0
2024-04-14,1.9,4557.5,0.0,4557.5
2024-04-15,2.0,4925.0,0.0,4925.0
2024-04-16,2.1,5292.5,0.0,5292.5
2024-04-17,2.2,5660.0,0.0,5660.0
2024-04-18,2.3,6027.5,0.0,6027.5
2024-04-19,2.4000000000000004,6395.0,0.0,6395.0
2024-04-20,2.5,6762.5,0.0,6762.5
2024-04-21,2.6,7130.0,0.0,7130.0
2024-04-22,2.7,7497.5,0.0,7497.5
2024-04-23,2.8,7865.0,0.0,7865.0
2024-04-24,2.9000000000000004,8232.5,0.0,8232.5
2024-04-25,3.0,8600.0,0.0,8600.0
2024-04-26,5.0,6600.0,0.0,6600.0
2024-04-27,2.0,2025.0,0.0,2025.0
2024-04-28,2.0526315789473686,2109.2105263157896,0.0,2109.2105263157896
2024-04-29,2.1052631578947367,2193.421052631579,0.0,2193.421052631579
2024-04-30,2.1578947368421053,2277.6315789473683,0.0,2277.6315789473683
2024-05-01,2.2105263157894735,2361.842105263158,0.0,2361.842105263158
2024-05-02,2.263157894736842,2446.0526315789475,0.0,2446.0526315789475
2024-05-03,2.3157894736842106,2530.2631578947367,0.0,2530.2631578947367
2024-05-04,2.3684210526315788,2614.4736842105262,0.0,2614.4736842105262
2024-05-05,2.4210526315789473,2698.684210526316,0.0,2698.684210526316
2024-05-06,2.473684210526316,2782.8947368421054,0.0,2782.8947368421054
2024-05-07,2.526315789473684,2867.105263157895,0.0,2867.105263157895
2024-05-08,2.5789473684210527,2951.315789473684,0.0,2951.315789473684
2024-05-09,2.6315789473684212,3035.5263157894738,0.0,3035.5263157894738
2024-05-10,2.6842105263157894,3119.7368421052633,0.0,3119.7368421052633
2024-05-11,2.736842105263158,3203.9473684210525,0.0,3203.9473684210525
2024-05-12,2.7894736842105265,3288.157894736842,0.0,3288.157894736842
2024-05-13,2.8421052631578947,3372.3684210526317,0.0,3372.3684210526317
2024-05-14,2.894736842105263,3456.5789473684213,0.0,3456.5789473684213
2024-05-15,2.9473684210526314,3540.789473684211,0.0,3540.789473684211
2024-05-16,3.0,3625.0,0.0,3625.0
2024-05-17,3.0,4100.0,0.0,4100.0
2024-05-18,4.0,10416.666666666668,0.0,10416.666666666668
2024-05-19,5.0,16733.333333333336,0.0,16733.333333333336
2024-05-20,6.0,23050.0,0.0,23050.0
2024-05-21,2.0,2612.5,0.0,2612.5
2024-05-22,4.0,9475.0,0.0,9475.0
2024-05-23,5.0,13710.0,0.0,13710.0
2024-05-24,4.0,6450.0,0.0,6450.0
2024-05-25,3.6666666666666665,5073.333333333333,0.0,5073.333333333333
2024-05-26,3.3333333333333335,3696.6666666666665,0.0,3696.6666666666665
2024-05-27,3.0,2320.0,0.0,2320.0
2024-05-28,1.0,1700.0,0.0,1700.0
2024-05-29,3.0,8700.0,0.0,8700.0
2024-05-30,4.0,9600.0,0.0,9600.0
2024-05-31,5.0,8350.0,0.0,8350.0
2024-06-01,4.0,6633.333333333333,0.0,6633.333333333333
2024-06-02,3.0,4916.666666666666,0.0,4916.666666666666
2024-06-03,2.0,3200.0,0.0,3200.0
2024-06-04,3.0,11650.0,0.0,11650.0
2024-06-05,3.0,7000.0,0.0,7000.0
2024-06-06,4.0,11450.0,0.0,11450.0
2024-06-07,3.0,5830.0,0.0,5830.0
2024-06-08,2.3333333333333335,4686.666666666667,0.0,4686.666666666667
2024-06-09,1.6666666666666667,3543.3333333333335,0.0,3543.3333333333335
2024-06-10,1.0,2400.0,0.0,2400.0
2024-06-11,1.0,1200.0,0.0,1200.0
2024-06-12,1.0,1400.0,0.0,1400.0
2024-06-13,1.0,1600.0,0.0,1600.0
2024-06-14,1.0,1800.0,0.0,1800.0
2024-06-15,1.0,2000.0,0.0,2000.0
2024-06-16,1.0,2200.0,0.0,2200.0
2024-06-17,1.0,2400.0,0.0,2400.0
2024-06-18,4.0,10400.0,0.0,10400.0
2024-06-19,3.0,6000.0,0.0,6000.0
2024-06-20,3.0,5150.0,0.0,5150.0
2024-06-21,5.0,11625.0,0.0,11625.0
2024-06-22,4.333333333333333,10366.666666666666,0.0,10366.666666666666
2024-06-23,3.666666666666667,9108.333333333334,0.0,9108.333333333334
2024-06-24,3.0,7850.0,0.0,7850.0
2024-06-25,7.0,16475.0,0.0,16475.0
2024-06-26,5.0,6125.0,0.0,6125.0
2024-06-27,7.0,9650.0,0.0,9650.0
2024-06-28,5.0,15025.0,0.0,15025.0
2024-06-29,4.4,12670.0,0.0,12670.0
2024-06-30,3.8,10315.0,0.0,10315.0
2024-07-01,3.2,7960.0,0.0,7960.0
2024-07-02,2.6,5605.0,0.0,5605.0
2024-07-03,2.0,3250.0,0.0,3250.0
2024-07-04,4.0,9150.0,0.0,9150.0
2024-07-05,6.0,9650.0,0.0,9650.0
2024-07-06,6.076923076923077,9903.846153846154,0.0,9903.846153846154
2024-07-07,6.153846153846154,10157.692307692309,0.0,10157.692307692309
2024-07-08,6.230769230769231,10411.538461538461,0.0,10411.538461538461
2024-07-09,6.3076923076923075,10665.384615384615,0.0,10665.384615384615
2024-07-10,6.384615384615385,10919.23076923077,0.0,10919.23076923077
2024-07-11,6.461538461538462,11173.076923076924,0.0,11173.076923076924
2024-07-12,6.538461538461538,11426.923076923076,0.0,11426.923076923076
2024-07-13,6.615384615384615,11680.76923076923,0.0,11680.76923076923
2024-07-14,6.6923076923076925,11934.615384615385,0.0,11934.615384615385
2024-07-15,6.769230769230769,12188.461538461539,0.0,12188.461538461539
2024-07-16,6.846153846153847,12442.307692307691,0.0,12442.307692307691
2024-07-17,6.923076923076923,12696.153846153846,0.0,12696.153846153846
2024-07-18,7.0,12950.0,0.0,12950.0
2024-07-19,5.0,14633.33,0.0,14633.33
2024-07-20,4.985294117647059,14551.834926470588,0.0,14551.834926470588
2024-07-21,4.970588235294118,14470.339852941177,0.0,14470.339852941177
2024-07-22,4.955882352941177,14388.844779411764,0.0,14388.844779411764
2024-07-23,4.9411764705882355,14307.349705882352,0.0,14307.349705882352
2024-07-24,4.926470588235294,14225.85463235294,0.0,14225.85463235294
2024-07-25,4.911764705882353,14144.35955882353,0.0,14144.35955882353
2024-07-26,4.897058823529412,14062.864485294118,0.0,14062.864485294118
2024-07-27,4.882352941176471,13981.369411764706,0.0,13981.369411764706
2024-07-28,4.867647058823529,13899.874338235293,0.0,13899.874338235293
2024-07-29,4.852941176470588,13818.379264705882,0.0,13818.379264705882
2024-07-30,4.838235294117647,13736.88419117647,0.0,13736.88419117647
2024-07-31,4.823529411764706,13655.389117647059,0.0,13655.389117647059
2024-08-01,4.8088235294117645,13573.894044117647,0.0,13573.894044117647
2024-08-02,4.794117647058823,13492.398970588236,0.0,13492.398970588236
2024-08-03,4.779411764705882,13410.903897058823,0.0,13410.903897058823
2024-08-04,4.764705882352941,13329.408823529411,0.0,13329.408823529411
2024-08-05,4.75,13247.91375,0.0,13247.91375
2024-08-06,4.735294117647059,13166.418676470588,0.0,13166.418676470588
2024-08-07,4.720588235294118,13084.923602941177,0.0,13084.923602941177
2024-08-08,4.705882352941177,13003.428529411765,0.0,13003.428529411765
2024-08-09,4.6911764705882355,12921.933455882352,0.0,12921.933455882352
2024-08-10,4.676470588235294,12840.43838235294,0.0,12840.43838235294
2024-08-11,4.661764705882353,12758.94330882353,0.0,12758.94330882353
2024-08-12,4.647058823529412,12677.448235294118,0.0,12677.448235294118
2024-08-13,4.632352941176471,12595.953161764706,0.0,12595.953161764706
2024-08-14,4.617647058823529,12514.458088235293,0.0,12514.458088235293
2024-08-15,4.602941176470588,12432.963014705882,0.0,12432.963014705882
2024-08-16,4.588235294117647,12351.46794117647,0.0,12351.46794117647
2024-08-17,4.573529411764706,12269.972867647059,0.0,12269.972867647059
2024-08-18,4.5588235294117645,12188.477794117647,0.0,12188.477794117647
2024-08-19,4.544117647058823,12106.982720588236,0.0,12106.982720588236
2024-08-20,4.529411764705882,12025.487647058824,0.0,12025.487647058824
2024-08-21,4.514705882352941,11943.992573529411,0.0,11943.992573529411
2024-08-22,4.5,11862.4975,0.0,11862.4975
2024-08-23,4.485294117647059,11781.002426470588,0.0,11781.002426470588
2024-08-24,4.470588235294118,11699.507352941177,0.0,11699.507352941177
2024-08-25,4.455882352941177,11618.012279411765,0.0,11618.012279411765
2024-08-26,4.4411764705882355,11536.517205882352,0.0,11536.517205882352
2024-08-27,4.426470588235294,11455.02213235294,0.0,11455.02213235294
2024-08-28,4.411764705882353,11373.527058823529,0.0,11373.527058823529
2024-08-29,4.397058823529412,11292.031985294117,0.0,11292.031985294117
2024-08-30,4.382352941176471,11210.536911764706,0.0,11210.536911764706
2024-08-31,4.367647058823529,11129.041838235295,0.0,11129.041838235295
2024-09-01,4.352941176470588,11047.546764705883,0.0,11047.546764705883
2024-09-02,4.338235294117647,10966.05169117647,0.0,10966.05169117647
2024-09-03,4.323529411764706,10884.556617647058,0.0,10884.556617647058
2024-09-04,4.3088235294117645,10803.061544117647,0.0,10803.061544117647
2024-09-05,4.294117647058823,10721.566470588235,0.0,10721.566470588235
2024-09-06,4.279411764705882,10640.071397058822,0.0,10640.071397058822
2024-09-07,4.264705882352941,10558.57632352941,0.0,10558.57632352941
2024-09-08,4.25,10477.08125,0.0,10477.08125
2024-09-09,4.235294117647059,10395.586176470588,0.0,10395.586176470588
2024-09-10,4.220588235294118,10314.091102941176,0.0,10314.091102941176
2024-09-11,4.205882352941177,10232.596029411765,0.0,10232.596029411765
2024-09-12,4.1911764705882355,10151.100955882353,0.0,10151.100955882353
2024-09-13,4.176470588235294,10069.605882352942,0.0,10069.605882352942
2024-09-14,4.161764705882353,9988.110808823529,0.0,9988.110808823529
2024-09-15,4.147058823529412,9906.615735294117,0.0,9906.615735294117
2024-09-16,4.132352941176471,9825.120661764706,0.0,9825.120661764706
2024-09-17,4.117647058823529,9743.625588235293,0.0,9743.625588235293
2024-09-18,4.102941176470588,9662.130514705881,0.0,9662.130514705881
2024-09-19,4.088235294117647,9580.63544117647,0.0,9580.63544117647
2024-09-20,4.073529411764706,9499.140367647058,0.0,9499.140367647058
2024-09-21,4.0588235294117645,9417.645294117647,0.0,9417.645294117647
2024-09-22,4.044117647058823,9336.150220588235,0.0,9336.150220588235
2024-09-23,4.029411764705882,9254.655147058824,0.0,9254.655147058824
2024-09-24,4.014705882352941,9173.160073529412,0.0,9173.160073529412
2024-09-25,4.0,9091.665,0.0,9091.665
2024-09-26,3.985294117647059,9010.169926470588,0.0,9010.169926470588
2024-09-27,3.9705882352941178,8928.674852941176,0.0,8928.674852941176
2024-09-28,3.9558823529411766,8847.179779411765,0.0,8847.179779411765
2024-09-29,3.9411764705882355,8765.684705882351,0.0,8765.684705882351
2024-09-30,3.9264705882352944,8684.18963235294,0.0,8684.18963235294
2024-10-01,3.9117647058823533,8602.694558823528,0.0,8602.694558823528
2024-10-02,3.8970588235294117,8521.199485294117,0.0,8521.199485294117
2024-10-03,3.8823529411764706,8439.704411764706,0.0,8439.704411764706
2024-10-04,3.8676470588235294,8358.209338235294,0.0,8358.209338235294
2024-10-05,3.8529411764705883,8276.714264705883,0.0,8276.714264705883
2024-10-06,3.8382352941176467,8195.219191176471,0.0,8195.219191176471
2024-10-07,3.8235294117647056,8113.724117647058,0.0,8113.724117647058
2024-10-08,3.8088235294117645,8032.2290441176465,0.0,8032.2290441176465
2024-10-09,3.7941176470588234,7950.733970588235,0.0,7950.733970588235
2024-10-10,3.7794117647058822,7869.238897058823,0.0,7869.238897058823
2024-10-11,3.764705882352941,7787.743823529411,0.0,7787.743823529411
2024-10-12,3.75,7706.24875,0.0,7706.24875
2024-10-13,3.735294117647059,7624.753676470587,0.0,7624.753676470587
2024-10-14,3.7205882352941178,7543.258602941176,0.0,7543.258602941176
2024-10-15,3.7058823529411766,7461.7635294117645,0.0,7461.7635294117645
2024-10-16,3.6911764705882355,7380.268455882352,0.0,7380.268455882352
2024-10-17,3.6764705882352944,7298.773382352941,0.0,7298.773382352941
2024-10-18,3.6617647058823533,7217.278308823529,0.0,7217.278308823529
2024-10-19,3.6470588235294117,7135.783235294117,0.0,7135.783235294117
2024-10-20,3.6323529411764706,7054.288161764705,0.0,7054.288161764705
2024-10-21,3.6176470588235294,6972.793088235294,0.0,6972.793088235294
2024-10-22,3.6029411764705883,6891.2980147058815,0.0,6891.2980147058815
2024-10-23,3.588235294117647,6809.80294117647,0.0,6809.80294117647
2024-10-24,3.5735294117647056,6728.307867647059,0.0,6728.307867647059
2024-10-25,3.5588235294117645,6646.812794117646,0.0,6646.812794117646
2024-10-26,3.5441176470588234,6565.317720588235,0.0,6565.317720588235
2024-10-27,3.5294117647058822,6483.822647058823,0.0,6483.822647058823
2024-10-28,3.514705882352941,6402.327573529412,0.0,6402.327573529412
2024-10-29,3.5,6320.832499999999,0.0,6320.832499999999
2024-10-30,3.485294117647059,6239.337426470587,0.0,6239.337426470587
2024-10-31,3.4705882352941178,6157.842352941176,0.0,6157.842352941176
2024-11-01,3.4558823529411766,6076.347279411764,0.0,6076.347279411764
2024-11-02,3.4411764705882355,5994.852205882353,0.0,5994.852205882353
2024-11-03,3.4264705882352944,5913.357132352941,0.0,5913.357132352941
2024-11-04,3.4117647058823533,5831.862058823528,0.0,5831.862058823528
2024-11-05,3.3970588235294117,5750.366985294117,0.0,5750.366985294117
2024-11-06,3.3823529411764706,5668.871911764705,0.0,5668.871911764705
2024-11-07,3.3676470588235294,5587.376838235294,0.0,5587.376838235294
2024-11-08,3.3529411764705883,5505.881764705882,0.0,5505.881764705882
2024-11-09,3.338235294117647,5424.386691176471,0.0,5424.386691176471
2024-11-10,3.3235294117647056,5342.8916176470575,0.0,5342.8916176470575
2024-11-11,3.3088235294117645,5261.396544117646,0.0,5261.396544117646
2024-11-12,3.2941176470588234,5179.901470588235,0.0,5179.901470588235
2024-11-13,3.2794117647058822,5098.406397058823,0.0,5098.406397058823
2024-11-14,3.264705882352941,5016.911323529412,0.0,5016.911323529412
2024-11-15,3.25,4935.41625,0.0,4935.41625
2024-11-16,3.235294117647059,4853.921176470587,0.0,4853.921176470587
2024-11-17,3.2205882352941178,4772.4261029411755,0.0,4772.4261029411755
2024-11-18,3.2058823529411766,4690.931029411764,0.0,4690.931029411764
2024-11-19,3.1911764705882355,4609.435955882353,0.0,4609.435955882353
2024-11-20,3.1764705882352944,4527.940882352941,0.0,4527.940882352941
2024-11-21,3.1617647058823533,4446.44580882353,0.0,4446.44580882353
2024-11-22,3.1470588235294117,4364.950735294116,0.0,4364.950735294116
2024-11-23,3.1323529411764706,4283.455661764705,0.0,4283.455661764705
2024-11-24,3.1176470588235294,4201.9605882352935,0.0,4201.9605882352935
2024-11-25,3.1029411764705883,4120.465514705882,0.0,4120.465514705882
2024-11-26,3.088235294117647,4038.9704411764706,0.0,4038.9704411764706
2024-11-27,3.0735294117647056,3957.4753676470573,0.0,3957.4753676470573
2024-11-28,3.0588235294117645,3875.980294117646,0.0,3875.980294117646
2024-11-29,3.0441176470588234,3794.4852205882344,0.0,3794.4852205882344
2024-11-30,3.0294117647058822,3712.990147058823,0.0,3712.990147058823
2024-12-01,3.014705882352941,3631.4950735294115,0.0,3631.4950735294115
2024-12-02,3.0,3550.0,0.0,3550.0
2024-12-03,4.0,21500.0,0.0,21500.0
2024-12-04,2.0,9800.0,0.0,9800.0
2024-12-05,6.0,23150.0,0.0,23150.0
2024-12-06,5.0,19150.0,0.0,19150.0
2024-12-07,4.333333333333333,15166.666666666666,0.0,15166.666666666666
2024-12-08,3.666666666666667,11183.333333333332,0.0,11183.333333333332
2024-12-09,3.0,7200.0,0.0,7200.0
2024-12-10,7.0,26950.0,0.0,26950.0
2024-12-11,3.0,18500.0,0.0,18500.0
2024-12-12,3.0,17800.0,0.0,17800.0
2024-12-13,3.0,16900.0,0.0,16900.0
2024-12-14,2.6666666666666665,13200.0,0.0,13200.0
2024-12-15,2.3333333333333335,9500.0,0.0,9500.0
2024-12-16,2.0,5800.0,0.0,5800.0
2024-12-17,3.0,21800.0,0.0,21800.0
2024-12-18,4.0,18650.0,0.0,18650.0
2024-12-19,2.0,4450.0,0.0,4450.0
2024-12-20,5.0,21640.0,0.0,21640.0
2024-12-21,5.666666666666667,23976.666666666668,0.0,23976.666666666668
2024-12-22,6.333333333333333,26313.333333333332,0.0,26313.333333333332
2024-12-23,7.0,28650.0,0.0,28650.0
2024-12-24,4.0,23550.0,0.0,23550.0
2024-12-25,2.0,6100.0,0.0,6100.0
2024-12-26,4.0,14650.0,0.0,14650.0
2024-12-27,3.0,11850.0,0.0,11850.0
2024-12-28,2.0,2650.0,0.0,2650.0
2024-12-29,2.0,3711.1111111111113,0.0,3711.1111111111113
2024-12-30,2.0,4772.222222222223,0.0,4772.222222222223
2024-12-31,2.0,5833.333333333333,0.0,5833.333333333333
2025-01-01,2.0,6894.444444444444,0.0,6894.444444444444
2025-01-02,2.0,7955.555555555556,0.0,7955.555555555556
2025-01-03,2.0,9016.666666666666,0.0,9016.666666666666
2025-01-04,2.0,10077.777777777777,0.0,10077.777777777777
2025-01-05,2.0,11138.888888888889,0.0,11138.888888888889
2025-01-06,2.0,12200.0,0.0,12200.0
2025-01-07,3.666666666666667,27233.333333333336,0.0,27233.333333333336
2025-01-08,5.333333333333334,42266.66666666667,0.0,42266.66666666667
2025-01-09,7.0,57300.0,0.0,57300.0
2025-01-10,1.0,3100.0,0.0,3100.0
2025-01-11,1.3333333333333333,4300.0,0.0,4300.0
2025-01-12,1.6666666666666665,5500.0,0.0,5500.0
2025-01-13,2.0,6700.0,0.0,6700.0
2025-01-14,4.0,21950.0,0.0,21950.0
2025-01-15,1.0,10900.0,0.0,10900.0
2025-01-16,2.0,6350.0,0.0,6350.0
2025-01-17,2.0,10200.0,0.0,10200.0
2025-01-18,2.3333333333333335,9683.333333333334,0.0,9683.333333333334
2025-01-19,2.6666666666666665,9166.666666666666,0.0,9166.666666666666
2025-01-20,3.0,8650.0,0.0,8650.0
2025-01-21,1.0,6300.0,0.0,6300.0
2025-01-22,1.0,2850.0,0.0,2850.0
2025-01-23,1.0,11600.0,0.0,11600.0
2025-01-24,3.0,24450.0,0.0,24450.0
2025-01-25,2.3333333333333335,16700.0,0.0,16700.0
2025-01-26,1.6666666666666667,8950.0,0.0,8950.0
2025-01-27,1.0,1200.0,0.0,1200.0
2025-01-28,3.0,11830.0,0.0,11830.0
2025-01-29,3.0,24200.0,0.0,24200.0
2025-01-30,3.0,13200.0,0.0,13200.0
2025-01-31,4.0,19900.0,0.0,19900.0
2025-02-01,3.6666666666666665,23233.333333333332,0.0,23233.333333333332
2025-02-02,3.3333333333333335,26566.666666666668,0.0,26566.666666666668
2025-02-03,3.0,29900.0,0.0,29900.0
2025-02-04,2.0,12300.0,0.0,12300.0
2025-02-05,6.0,22450.0,0.0,22450.0
2025-02-06,2.0,14500.0,0.0,14500.0
2025-02-07,2.0,9950.0,0.0,9950.0
2025-02-08,2.0,5400.0,0.0,5400.0
2025-02-09,2.0,8940.0,0.0,8940.0
2025-02-10,2.0,12480.0,0.0,12480.0
2025-02-11,2.0,11850.0,0.0,11850.0
2025-02-12,3.0,10200.0,0.0,10200.0
2025-02-13,4.0,11290.0,0.0,11290.0
2025-02-14,1.0,16300.0,0.0,16300.0
2025-02-15,2.333333333333333,29083.333333333336,0.0,29083.333333333336
2025-02-16,3.6666666666666665,41866.66666666667,0.0,41866.66666666667
2025-02-17,5.0,54650.0,0.0,54650.0
2025-02-18,1.0,9400.0,0.0,9400.0
2025-02-19,1.0,8250.0,0.0,8250.0
2025-02-20,1.0,11500.0,0.0,11500.0
2025-02-21,2.25,19200.0,0.0,19200.0
2025-02-22,3.5,26900.0,0.0,26900.0
2025-02-23,4.75,34600.0,0.0,34600.0
2025-02-24,6.0,42300.0,0.0,42300.0
2025-02-25,1.0,5450.0,0.0,5450.0
2025-02-26,4.0,27600.0,0.0,27600.0
2025-02-27,4.0,14300.0,0.0,14300.0
2025-02-28,4.0,30800.0,0.0,30800.0
2025-03-01,3.3333333333333335,25666.666666666668,0.0,25666.666666666668
2025-03-02,2.666666666666667,20533.333333333336,0.0,20533.333333333336
2025-03-03,2.0,15400.0,0.0,15400.0
2025-03-04,2.0,7950.0,0.0,7950.0
2025-03-05,4.0,24600.0,0.0,24600.0
2025-03-06,3.0,11950.0,0.0,11950.0
2025-03-07,3.0,6550.0,0.0,6550.0
2025-03-08,3.0,5333.333333333333,0.0,5333.333333333333
2025-03-09,3.0,4116.666666666666,0.0,4116.666666666666
2025-03-10,3.0,2900.0,0.0,2900.0
2025-03-11,4.0,17500.0,0.0,17500.0
2025-03-12,4.0,24200.0,0.0,24200.0
2025-03-13,2.0,25650.0,0.0,25650.0
2025-03-14,1.0,5000.0,0.0,5000.0
2025-03-15,1.6666666666666665,7850.0,0.0,7850.0
2025-03-16,2.333333333333333,10700.0,0.0,10700.0
2025-03-17,3.0,13550.0,0.0,13550.0
2025-03-18,1.0,3900.0,0.0,3900.0
2025-03-19,2.0,15050.0,0.0,15050.0
2025-03-20,3.0,26200.0,0.0,26200.0
2025-03-21,4.25,31937.5,0.0,31937.5
2025-03-22,5.5,37675.0,0.0,37675.0
2025-03-23,6.75,43412.5,0.0,43412.5
2025-03-24,8.0,49150.0,0.0,49150.0
2025-03-25,5.0,21600.0,0.0,21600.0
2025-03-26,7.0,55050.0,0.0,55050.0
2025-03-27,7.0,37100.0,0.0,37100.0
2025-03-28,5.0,49100.0,0.0,49100.0
2025-03-29,6.333333333333333,48856.666666666664,0.0,48856.666666666664
2025-03-30,7.666666666666666,48613.333333333336,0.0,48613.333333333336
2025-03-31,9.0,48370.0,0.0,48370.0
2025-04-01,12.0,49160.0,0.0,49160.0
2025-04-02,8.0,22000.0,0.0,22000.0
2025-04-03,5.0,42800.0,0.0,42800.0
2025-04-04,6.0,20700.0,0.0,20700.0
2025-04-05,5.333333333333333,21233.333333333332,0.0,21233.333333333332
2025-04-06,4.666666666666667,21766.666666666668,0.0,21766.666666666668
2025-04-07,4.0,22300.0,0.0,22300.0
2025-04-08,7.0,28400.0,0.0,28400.0
2025-04-09,2.0,6850.0,0.0,6850.0
2025-04-10,6.0,18250.0,0.0,18250.0
2025-04-11,5.0,33550.0,0.0,33550.0
2025-04-12,5.333333333333333,35600.0,0.0,35600.0
2025-04-13,5.666666666666667,37650.0,0.0,37650.0
2025-04-14,6.0,39700.0,0.0,39700.0
2025-04-15,2.0,8000.0,0.0,8000.0
2025-04-16,2.5,17250.0,0.0,17250.0
2025-04-17,3.0,26500.0,0.0,26500.0
2025-04-18,3.75,26475.0,0.0,26475.0
2025-04-19,4.5,26450.0,0.0,26450.0
2025-04-20,5.25,26425.0,0.0,26425.0
2025-04-21,6.0,26400.0,0.0,26400.0
2025-04-22,7.0,27450.0,0.0,27450.0
2025-04-23,2.0,11900.0,0.0,11900.0
2025-04-24,4.0,37200.0,0.0,37200.0
2025-04-25,2.0,7780.0,0.0,7780.0
2025-04-26,2.3333333333333335,8420.0,0.0,8420.0
2025-04-27,2.6666666666666665,9060.0,0.0,9060.0
2025-04-28,3.0,9700.0,0.0,9700.0
2025-04-29,2.0,17300.0,0.0,17300.0
2025-04-30,5.0,18550.0,0.0,18550.0
2025-05-01,4.6,19780.0,0.0,19780.0
2025-05-02,4.2,21010.0,0.0,21010.0
2025-05-03,3.8,22240.0,0.0,22240.0
2025-05-04,3.4,23470.0,0.0,23470.0
2025-05-05,3.0,24700.0,0.0,24700.0
2025-05-06,4.0,67600.0,0.0,67600.0
2025-05-07,3.3333333333333335,46200.0,0.0,46200.0
2025-05-08,2.666666666666667,24800.0,0.0,24800.0
2025-05-09,2.0,3400.0,0.0,3400.0
2025-05-10,1.6666666666666667,11000.0,0.0,11000.0
2025-05-11,1.3333333333333335,18600.0,0.0,18600.0
2025-05-12,1.0,26200.0,0.0,26200.0
2025-05-13,4.0,61500.0,0.0,61500.0
2025-05-14,4.0,32600.0,0.0,32600.0
2025-05-15,3.0,19600.0,0.0,19600.0
2025-05-16,3.0,18650.0,0.0,18650.0
2025-05-17,5.0,31625.0,0.0,31625.0
2025-05-18,7.0,44600.0,0.0,44600.0
2025-05-19,9.0,57575.0,0.0,57575.0
2025-05-20,11.0,70550.0,0.0,70550.0
2025-05-21,1.0,6400.0,0.0,6400.0
2025-05-22,5.0,19450.0,0.0,19450.0
2025-05-23,3.0,30300.0,0.0,30300.0
2025-05-24,5.0,43550.0,0.0,43550.0
2025-05-25,7.0,56800.0,0.0,56800.0
2025-05-26,9.0,70050.0,0.0,70050.0
2025-05-27,11.0,83300.0,0.0,83300.0
2025-05-28,5.0,31900.0,0.0,31900.0
2025-05-29,4.0,30400.0,0.0,30400.0
2025-05-30,4.0,21800.0,0.0,21800.0
2025-05-31,4.294117647058823,23064.70588235294,0.0,23064.70588235294
2025-06-01,4.588235294117647,24329.41176470588,0.0,24329.41176470588
2025-06-02,4.882352941176471,25594.117647058825,0.0,25594.117647058825
2025-06-03,5.176470588235294,26858.823529411766,0.0,26858.823529411766
2025-06-04,5.470588235294118,28123.529411764706,0.0,28123.529411764706
2025-06-05,5.764705882352941,29388.235294117647,0.0,29388.235294117647
2025-06-06,6.0588235294117645,30652.941176470587,0.0,30652.941176470587
2025-06-07,6.352941176470589,31917.64705882353,0.0,31917.64705882353
2025-06-08,6.647058823529411,33182.35294117647,0.0,33182.35294117647
2025-06-09,6.9411764705882355,34447.05882352941,0.0,34447.05882352941
2025-06-10,7.235294117647059,35711.76470588235,0.0,35711.76470588235
2025-06-11,7.529411764705882,36976.470588235294,0.0,36976.470588235294
2025-06-12,7.8235294117647065,38241.17647058824,0.0,38241.17647058824
2025-06-13,8.117647058823529,39505.882352941175,0.0,39505.882352941175
2025-06-14,8.411764705882353,40770.58823529412,0.0,40770.58823529412
2025-06-15,8.705882352941178,42035.29411764706,0.0,42035.29411764706
2025-06-16,9.0,43300.0,0.0,43300.0
2025-06-17,9.0,55620.0,0.0,55620.0
2025-06-18,8.0,48300.0,0.0,48300.0
2025-06-19,2.0,17400.0,0.0,17400.0
2025-06-20,4.0,23200.0,0.0,23200.0
2025-06-21,4.333333333333333,40400.0,0.0,40400.0
2025-06-22,4.666666666666667,57600.0,0.0,57600.0
2025-06-23,5.0,74800.0,0.0,74800.0
2025-06-24,5.0,28050.0,0.0,28050.0
2025-06-25,3.0,21400.0,0.0,21400.0
2025-06-26,1.0,37000.0,0.0,37000.0
2025-06-27,8.0,44550.0,0.0,44550.0
2025-06-28,7.333333333333333,47366.666666666664,0.0,47366.666666666664
2025-06-29,6.666666666666667,50183.333333333336,0.0,50183.333333333336
2025-06-30,6.0,53000.0,0.0,53000.0
2025-07-01,4.0,41100.0,0.0,41100.0
2025-07-02,6.0,30300.0,0.0,30300.0
2025-07-03,4.0,26500.0,0.0,26500.0
2025-07-04,4.5,28237.5,0.0,28237.5
2025-07-05,5.0,29975.0,0.0,29975.0
2025-07-06,5.5,31712.5,0.0,31712.5
2025-07-07,6.0,33450.0,0.0,33450.0
2025-07-08,7.0,27980.0,0.0,27980.0
2025-07-09,3.0,31850.0,0.0,31850.0
2025-07-10,4.0,29550.0,0.0,29550.0
2025-07-11,5.0,27250.0,0.0,27250.0
2025-07-12,5.0,28433.333333333332,0.0,28433.333333333332
2025-07-13,5.0,29616.666666666668,0.0,29616.666666666668
2025-07-14,5.0,30800.0,0.0,30800.0
2025-07-15,7.0,78700.0,0.0,78700.0
2025-07-16,6.0,23900.0,0.0,23900.0
2025-07-17,6.0,46900.0,0.0,46900.0
2025-07-18,1.0,3000.0,0.0,3000.0
2025-07-19,1.0,15600.0,0.0,15600.0
2025-07-20,2.5,23900.0,0.0,23900.0
2025-07-21,4.0,32200.0,0.0,32200.0
2025-07-22,6.0,39700.0,0.0,39700.0
2025-07-23,1.0,1400.0,0.0,1400.0
2025-07-24,2.0,11200.0,0.0,11200.0
2025-07-25,3.0,19300.0,0.0,19300.0
2025-07-26,4.0,31633.333333333336,0.0,31633.333333333336
2025-07-27,5.0,43966.66666666667,0.0,43966.66666666667
2025-07-28,6.0,56300.0,0.0,56300.0
2025-07-29,1.0,4400.0,0.0,4400.0
2025-07-30,4.0,28950.0,0.0,28950.0
2025-07-31,7.0,53500.0,0.0,53500.0
2025-08-01,2.0,12800.0,0.0,12800.0
2025-08-02,3.0,18866.666666666668,0.0,18866.666666666668
2025-08-03,4.0,24933.333333333336,0.0,24933.333333333336
2025-08-04,5.0,31000.0,0.0,31000.0
2025-08-05,3.0,35900.0,0.0,35900.0
2025-08-06,4.0,29150.0,0.0,29150.0
2025-08-07,5.0,22400.0,0.0,22400.0
2025-08-08,5.25,30150.0,0.0,30150.0
2025-08-09,5.5,37900.0,0.0,37900.0
2025-08-10,5.75,45650.0,0.0,45650.0
2025-08-11,6.0,53400.0,0.0,53400.0
2025-08-12,6.0,19300.0,0.0,19300.0
2025-08-13,10.0,40550.0,0.0,40550.0
2025-08-14,6.5,31475.0,0.0,31475.0
2025-08-15,3.0,22400.0,0.0,22400.0
2025-08-16,3.3333333333333335,24766.666666666668,0.0,24766.666666666668
2025-08-17,3.6666666666666665,27133.333333333332,0.0,27133.333333333332
2025-08-18,4.0,29500.0,0.0,29500.0
2025-08-19,2.0,20400.0,0.0,20400.0
2025-08-20,2.0,23100.0,0.0,23100.0
2025-08-21,2.0,13800.0,0.0,13800.0
2025-08-22,2.0,23400.0,0.0,23400.0
2025-08-23,3.0,34966.666666666664,0.0,34966.666666666664
2025-08-24,4.0,46533.33333333333,0.0,46533.33333333333
2025-08-25,5.0,58100.0,0.0,58100.0
2025-08-26,5.0,15500.0,0.0,15500.0
2025-08-27,6.0,41100.0,0.0,41100.0
2025-08-28,2.0,12100.0,0.0,12100.0
2025-08-29,2.0,7300.0,0.0,7300.0
2025-08-30,4.333333333333334,24683.333333333332,0.0,24683.333333333332
2025-08-31,6.666666666666667,42066.666666666664,0.0,42066.666666666664
2025-09-01,9.0,59450.0,0.0,59450.0
2025-09-02,5.0,16600.0,0.0,16600.0
2025-09-03,5.0,15100.0,0.0,15100.0
2025-09-04,5.0,13600.0,0.0,13600.0
2025-09-05,4.0,32200.0,0.0,32200.0
2025-09-06,4.333333333333333,29516.666666666668,0.0,29516.666666666668
2025-09-07,4.666666666666667,26833.333333333332,0.0,26833.333333333332
2025-09-08,5.0,24150.0,0.0,24150.0
2025-09-09,8.0,54450.0,0.0,54450.0
2025-09-10,5.0,28700.0,0.0,28700.0
2025-09-11,4.0,21700.0,0.0,21700.0
2025-09-12,2.0,12600.0,0.0,12600.0
2025-09-13,4.333333333333334,27700.0,0.0,27700.0
2025-09-14,6.666666666666667,42800.0,0.0,42800.0
2025-09-15,9.0,57900.0,0.0,57900.0
2025-09-16,3.0,7050.0,0.0,7050.0
2025-09-17,2.0,6625.0,0.0,6625.0
2025-09-18,1.0,6200.0,0.0,6200.0
2025-09-19,4.0,35500.0,0.0,35500.0
2025-09-20,4.666666666666667,33433.333333333336,0.0,33433.333333333336
2025-09-21,5.333333333333333,31366.666666666668,0.0,31366.666666666668
2025-09-22,6.0,29300.0,0.0,29300.0
